-- phpMyAdmin SQL Dump
-- version 4.5.4.1deb2ubuntu2
-- http://www.phpmyadmin.net
--
-- Host: localhost
-- Generation Time: Feb 15, 2018 at 02:30 PM
-- Server version: 5.7.20-0ubuntu0.16.04.1
-- PHP Version: 5.6.32-1+ubuntu16.04.1+deb.sury.org+1

SET SQL_MODE = "NO_AUTO_VALUE_ON_ZERO";
SET time_zone = "+00:00";


/*!40101 SET @OLD_CHARACTER_SET_CLIENT=@@CHARACTER_SET_CLIENT */;
/*!40101 SET @OLD_CHARACTER_SET_RESULTS=@@CHARACTER_SET_RESULTS */;
/*!40101 SET @OLD_COLLATION_CONNECTION=@@COLLATION_CONNECTION */;
/*!40101 SET NAMES utf8mb4 */;

--
-- Database: `belajar`
--

-- --------------------------------------------------------

--
-- Table structure for table `absen`
--

CREATE TABLE `absen` (
  `id_absen` int(5) NOT NULL,
  `id_kegiatan` int(5) NOT NULL,
  `npm` varchar(8) NOT NULL,
  `jml_hadir` int(5) NOT NULL,
  `jml_tdk_hdr` int(5) NOT NULL
) ENGINE=InnoDB DEFAULT CHARSET=latin1;

-- --------------------------------------------------------

--
-- Table structure for table `anggota`
--

CREATE TABLE `anggota` (
  `npm` varchar(8) NOT NULL,
  `nama` varchar(50) NOT NULL,
  `kelas` varchar(5) NOT NULL,
  `jurusan` varchar(50) NOT NULL,
  `jenis_kelamin` varchar(15) NOT NULL,
  `ttl` varchar(18) NOT NULL,
  `domisili` varchar(15) NOT NULL,
  `kepengurusan` text NOT NULL,
  `email` varchar(50) DEFAULT NULL
) ENGINE=InnoDB DEFAULT CHARSET=latin1;

--
-- Dumping data for table `anggota`
--

INSERT INTO `anggota` (`npm`, `nama`, `kelas`, `jurusan`, `jenis_kelamin`, `ttl`, `domisili`, `kepengurusan`, `email`) VALUES
('10114016', 'Abdul Adjis Nasa Malik', '4KA02', 'Sistem informasi', 'Pria', '28/04/1997', 'Depok', 'Volunteer', 'Abduladjisnasamalik@gmail.com'),
('10115042', 'Abitama Satria Panji Persada', '3KA01', 'Sistem Informasi', 'Pria', '14/11/1996', 'Depok', 'Kepala Biro Litbang', 'abitamasatria@gmail.com'),
('10115140', 'Adienda Nur Amalina', '3KA13', 'Sistem informasi', 'Perempuan', '10/04/1997', 'Depok', 'Kepala Biro Sumber Daya Manusia', 'Ana1004@yahoo.com'),
('10115148', 'Adib Gigih Nugroho', '3KA35', 'Sistem Informasi', 'Pria', '22/05/1997', 'Karawaci', 'Kepala Departemen Olahraga', 'adibnugroho4@gmail.com'),
('10116002', 'A.Derry Ramadhan', '2KA02', 'Sistem Informasi', 'Pria', '06/02/1997', 'Depok', 'Staff Departemen Olahraga', 'Derryronaldo7@gmail.com'),
('10116079', 'Adam Darmawan', '2KA03', 'Sistem Informasi', 'Pria', '17/03/1998', 'Depok', 'Volunteer', 'adamdarmawan910@gmail.com'),
('10116089', 'Adam Tyas Yoerza', '2KA02', 'SIstem Informasi', 'Laki-laki', 'Padang, 09-12-+997', 'Depok', 'Staff Kesekretariatan', 'adamaty09@gmail.com'),
('10116248', 'Adnindira Ismara Putri', '2ka02', 'Sistem Informasi', 'Wanita', '23/07/1998', 'Depok', 'Pengurus', 'adnindiraismaraputri@yahoo.co.id'),
('10116603', 'Alif Saputra M', '2ka21', 'Sistem Informasi', 'Pria', '11/07/1998', 'Kalimalang', 'Pengurus', 'alifsaputra137@gmail.com'),
('10116660', 'Alvina Tsalisa', '2KA13', 'Sistem Informasi', 'Wanita', '14/10/1998', 'Depok', 'Volunteer', 'alvinatsalisa@live.com'),
('10116676', 'Alya Puspita Maynar', '2KA10', 'Sistem Informasi', 'Wanita', '08/05/1998', 'Depok', 'Staff Biro Litbang', 'alyamaynar@gmail.com'),
('10116865', 'Anggia Garnita Rosandi', '2KA32', 'Sistem Informasi', 'Wanita', '24/06/1998', 'Karawaci', 'Volunteer', 'agarnita@gmail.com'),
('10116871', 'Anggita Azizah Amalia', '2KA21', 'Sistem Informasi', 'Wanita', '14/04/1998', 'Kalimalang', 'Volunteer', 'aanggitaazizah@yahoo.com'),
('10116885', 'Anggun Miranda Ansori', '2KA05', 'Sistem Informasi', 'Wanita', '17/03/1998', 'Depok', 'Volunteer', 'Anggunmirandaa@gmail.com'),
('10116894', 'Anindita Suci Febianingsih', '2KA29', 'Sistem Informasi', 'Wanita', '06/02/1998', 'Kalimalang', 'Staff Bagian Kesekretariatan', 'aninditasuci66@gmail.com'),
('10117010', 'Abdillah Razaq Irwansyah', '1KA02', 'Sistem Informasi', 'Pria', '28 September 1999', 'Depok', 'Volunteer', 'Arirazaq@live.com'),
('10117189', 'Adji Imam Mahmudi', '1KA01', 'Sistem Informasi', 'Laki laki', '05/08/1999', 'Depok', 'Volunteer', 'mahmudiadji@gmail.com'),
('10117386', 'Ajeng Fitri Anggrayni', '1KA33', 'Sistem Informasi', 'wanita', '22/01/1999', 'karawaci', 'Volunteer', 'ajengfitrianggrayni@gmail.com'),
('10117942', 'Ariel Khoiri Prakosa', '1KA10', 'Sistem Informasi', 'Pria', '29/04/1999', 'Depok', 'Volunteer', 'ariel.prakosa@gmail.com'),
('11115294', 'Bayu Noviantri', '3KA28', 'Sistem Informasi', 'Pria', '12/11/1996', 'Kalimalang', 'Volunteer', 'bayuviano@gmail.com'),
('11115447', 'Cendy Putra Budiaman', '3KA05', 'Sistem Informasi', 'Laki-laki', '11 Mei 1997', 'Depok', 'Kepala Bidang Olahraga dan Seni Budaya', 'cendyputrabudiaman@gmail.com'),
('11115533', 'Claudya Tupamahu', '3KA12', 'Sistem Informasi', 'Wanita', '18/07/1997', 'Depok', 'Kepala Biro Hubungan Masyarakat', 'claudyatpmh@gmail.com'),
('11115556', 'Damara Priatama Taufiqurrakhman', '3KA17', 'Sistem Informasi', 'Pria', '24/04/1997', 'Depok', 'Volunteer', 'damarasma7@gmail.com'),
('11115619', 'Dea Claodya Kirihio', '2KA01', 'Sistem Informasi', 'wanita', '17/05/1997', 'depok', 'Pengurus', 'deaclaodya17@gmail.com'),
('11115810', 'Dheanda Absharina', '3KA88', 'Sistem Informasi', 'Wanita', '22/04/1997', 'Depok', 'Volunteer', 'Dheandaa@gmail.com'),
('11115864', 'Dias Arga Pratama', '3KA14', 'Sistem Informasi', 'Pria', '23/05/1997', 'Depok', 'Deputi Jurnalistik Biro Media', 'Diasarpra@gmail.com'),
('11116007', 'Arbha Pradana', '2KA26', 'Sistem Informasi', 'Pria', '27/01/1999', 'Kalimalanh', 'Staff Biro PTI', 'arbhapradana10@gmail.com'),
('11116060', 'Arif pratama devanto', '2KA21', 'Sistem Informasi', 'Pria', '26/04/1998', 'Kalimalang', 'Volunteer', 'Arifpratamad@gmail.com'),
('11116528', 'catellya faralisha', '2KA23', 'sistem informasi', 'wanita', '14/03/1999', 'kalimalang', 'staff biro bismit dan kemitraan', 'catellyafrs@gmail.com'),
('11116532', 'Catur Satria Adhi Fauzi ', '2KA01', 'Sistem Informasi ', 'Pria ', '5 October 1997', 'Depok', 'Staff Biro SDM', 'Satria6miracle@gmail.com'),
('11116550', 'Chairun Nissa Puspitasari', '2ka01', 'Sistem informasi', 'Wanita', '25/02/1999', 'Depok', 'Staff biro sdm', 'kueichaa@gmail.com'),
('11116607', 'Christian Nugroho Hamonangan', '2KA18', 'Sistem Informasi', 'Laki-laki', '28 Januari 1998', 'Depok', 'Volunteer', 'christiansimj@gmail.com'),
('11116643', 'Corinna Abigail Madeline', '2KA15', 'Sistem Informasi', 'Perempuan', '26/11/1997', 'Depok', 'Staff Departemen Akademik', 'corinna.abigail@gmail.com'),
('11116783', 'Delaneira Annisa', '2KA04', 'Sistem Informasi', 'Wanita', '19/03/1998', 'Depok', 'Staff Departemen Olahraga', 'delaneizer@gmail.com'),
('11116920', 'Dhea Aulia Andini', '2KA05', 'Sistem Informasi', 'Wanita', '24/10/1998', 'Depok', 'Staff Biro SDM', 'dheandini@gmail.com'),
('11116923', 'DHEA JUICH HARDIANA', '2KA34', 'SISTEM INFORMASI', 'PEREMPUAN', '16-12-1997', 'KARAWACI', 'Volunteer', 'dheadiana.dd12@gmail.com'),
('11117447', 'Daniel Kessie Na Yoant', '1KA04', 'Sistem informasi', 'Pria', '11/05/1999', 'Depok', 'Volunteer', 'danielkessie11@gmail.com'),
('11117597', 'Dharu', '1ka10', 'Sistem informasi', 'Pria', '4 Juni 1997', 'Depok', 'Volunteer', 'darunur666@gmail.com'),
('12113160', 'Dionisius Prasetyo utomo', '2ka15', 'Sistem informasi', 'Pia', '09/10/1998', 'Depok', 'Volunteer', 'Dionisiuscules@gmail.com'),
('12114537', 'Dany Mochtar', '4KA13', 'Sistem Informasi', 'Pria', '17/05/1995', 'Depok', 'Wakil Ketua Umum', 'mistermochtar@gmail.com'),
('12115366', 'Fahirah', '3ka88', 'Sistem Informasi', 'Wanita', '19/01/1998', 'Depok', 'Volunteer', 'eva190198@gmail.com'),
('12115465', 'Fanny Ardiansyah', '3KA34', 'Sistem Informasi', 'Pria', '09/01/1997', 'Karawaci', 'Kepala Departemen Akademik', 'Fannyardiansyah97@gmail.com'),
('12115963', 'Gusti Nur Aulia Ekasaputri', '3KA01', 'Sistem Informasi', 'Wanita', '21/03/1998', 'Depok', 'Kepala Departemen Pengmas', 'gustinuraulia88@gmail.com'),
('12116105', 'Dinda Rahmania Ayu Sabilla', '2KA06', 'Sistem Informasi', 'Wanita', '07/08/1998', 'Depok', 'Staff Bagian Keuangan', 'dindarayusa@gmail.com'),
('12116429', 'Fachril Indra G', '2kA14', 'Sistem Informasi', 'Laki Laki', '10 Desember 1998', 'Depok', 'Pengurus', 'aienma80@gmail.com'),
('12116465', 'Fadli Iman S', '2ka05', 'Sistem Informasi', 'Pria', '16/02/1999', 'Depok', 'Volunteer', 'Fadly.conpliners@gmail.com'),
('12116491', 'Fahrani permatasari ', '2ka01', 'Sistem informasi', 'Wanita ', '25/05/1998', 'Depok ', 'Bem fikti', 'Fahranipermatasari@yahoo.com '),
('12116586', 'Fakhriansyah Husaini', '2KA01', 'Sistem informasi', 'Pria', '22/07/1998', 'Depok', 'Volunteer', 'fakhriansyahhusaini@yahoo.co.id'),
('12116640', 'Farhan Ainul Ihram', '2KA04', 'Sistem Informasi', 'Pria', '11/10/1998', 'Depok', 'Pengurus', 'farhanainulihram11@yahoo.com'),
('12116687', 'fathia reva melia', '2ka01', 'sistem informasi', 'perempuan', '24/05/1998', 'depok', 'Volunteer', 'fathiareva@gmail.com'),
('12117471', 'Galang Yogi Prasetiyo', '1KA09', 'sistem informasi', 'pria', '3 desember 1999', 'depok', 'Volunteer', 'galangprasetiyo51@gmail.com'),
('1217299', 'febrina andayani', '1ka15', 'sistem informasi', 'perempuan', '19/02/1999', 'depok', 'Volunteer', 'andayani.febrina@gmail.com'),
('12345678', 'File Dummy Sekadar Test', '4KA88', 'Sistem If', 'Laki', '05/12/2017', 'DEPOK', 'Volunteer', 'jibrilhp@student.gunadarma.ac.id'),
('13114402', 'Edwin Pandhu Winoto', '4ka37', 'Sistem Informasi', 'pria', '01/01/1997', 'kalimalang', 'Volunteer', 'edwinpandhu@gmail.com'),
('13115249', 'Ikhfan Nur Ali', '3ka01', 'Sistem Informasi', 'Pria', '1 Juni 1997', 'Depok', 'Staff Biro Media', 'ikhfannurali@yahoo.co.id'),
('13115561', 'Jibril Hartri Putra', '3KA01', 'Sistem Informasi', 'L', '1997-01-21', 'Depok', 'Gabut', NULL),
('13116142', 'Hafiz Arrahman', '2KA21', 'Sistem Informasi', 'Pria', '26/06/1998', 'Kalimalang', 'Staff Biro Humas', 'hafizarr.98@gmail.com'),
('13116386', 'Ihsan Kurniawan Saputra', '2KA26', 'Sistem Informasi', 'Laki-Laki', '14/06/1998', 'Kalimalang', 'Volunteer', 'kurniawanihsan4@gmail.com'),
('13116461', 'Imam mahdi nashif', '2ka07', 'Sistem Informasi', 'Pria', '14/09/1998', 'Depok', 'Volunteer', 'Mahdi.nasif@gmail.com'),
('13116483', 'Indah', '2ka18', 'sistem informasi', 'perempuan', '09/03/1998', 'depok', 'Volunteer', 'indahrhmwt98@gmail.com'),
('13116502', 'Indira Mahayani', '2KA01', 'Sistem Informasi', 'Wanita', '03/01/1998', 'Depok', 'Staff Bagian Keuangan', 'indiramahayani03@gmail.com'),
('13116614', 'Ismail Saleh', '2KA01', 'Sistem Informasi', 'Pria', '19/12/1997', 'Depok', 'Volunteer', 'Ismail.alminiy@gmail.com'),
('13116704', 'Jerri Josua Pranata Halawa', '2KA27', 'Sistem Informasi', 'Pria', '18 September 1998', 'Kalimalang', 'Volunteer', 'jer_2i@outlook.com'),
('13116742', 'Johanna Sindya Widjaya', '2KA01', 'Sistem Informasi', 'Perempuan ', '21/07/1998', 'Depok', 'Volunteer', 'johannasindya@gmail.com'),
('13116839', 'kelpin hartanto', '2ka26', 'sistem informasi', 'pria', '18/07/2017', 'Kalimalang', 'Volunteer', 'kelvinhartanto18@gmail.com'),
('13117608', 'Mitha Syahfitry', '1KA33', 'Sistem Informasi', 'Wanita', '20/01/1999', 'Karawaci', 'Volunteer', 'mithafitry20@gmail.com'),
('13117639', 'Mochammad Rheza', '1KA01', 'Sistem Informasi', 'Laki-laki', '22/02/1999', 'Depok', 'Volunteer', 'Mochammad.rheza2202@gmail.com'),
('13117664', 'Mohamad Raffi Abdul Azis', '1KA27', 'Sistem Informasi', 'Pria', '19/12/1999', 'Kalimalang', 'Volunteer', 'raffiazis19@gmail.con'),
('13117779', 'Muhamad Irfan Maulana', '1ka01', 'Sistem Informasi', 'Pria', '04/12/1999', 'Depok', 'Volunteer', 'muhamadirfan45513@gmail.com'),
('13117833', 'Muhammad Adittya Rizky', '1KA10', 'Sistem Informasi', 'Pria', '27/08/1999', 'Depok', 'Volunteer', 'Adittya.rizky13@gmail.com'),
('14114470', 'Gatry Amalia Sari', '4ka14', 'Sistem Informasi', 'Perempuan', '25april1996', 'Depok', 'Pengurus', 'gatryamalia@gmail.com'),
('14114480', 'Gemala Santri Rosa', '4KA01', 'Sistem Informasi', 'Wanita', '28/09/1996', 'Depok', 'Bendahara Umum', 'gemalasantrirosa@gmail.com'),
('14115869', 'Mutiara Shanti Dwima Sutadewi', '3KA18', 'Sistem Informasi', 'Wanita', '18/03/1997', 'Depok', 'Kepala Bagian Keuangan', 'mutiarashantidwima@gmail.com'),
('14115896', 'Nabillah Syifauzzuhrah ', '3KA02', 'Sistem informasi', 'Perempuan', '08 Desember 1996', 'Depok', 'Deputi Arsip/Dokumentasi', 'Nabilah. Zahra@gmail.com'),
('14116149', 'Luthfirrahman Jauharin', '2KA33', 'Sistem Informasi', 'Pria', '24/07/1998', 'Karawaci', 'Volunteer', 'lrj4540@gmail.com'),
('14116243', 'Marcelius Randy Putra', '2ka02', 'Sistem Informasi', 'Pria', '10/09/1996', 'Depok', 'Staff Departemen Olahraga', 'Marceliusrandy@gmail.com'),
('14116519', 'Monica Muthia', '2KA02', 'Sistem Informasi', 'Wanita', '22/03/1998', 'Depok', 'Volunteer', 'monicamuthiaa@gmail.com'),
('14116689', 'Muhammad Al Fatih', '2KA08', 'Sistem Informasi', 'Pria', '29/08/1997', 'Depok', 'Volunteer', 'alfatihm26@gmail.com'),
('14116745', 'Muhammad Aziz Nugraha', '2KA18', 'SISTEM INFORMASI', 'Pria', '28111997', 'Depok', 'Volunteer', 'Aziz.nugraha28@yahoo.co.id'),
('14116773', 'Muhammad Dimas Farhansyah', '2KA12', 'Sistem Informasi', 'Laki-Laki', '01/12/1997', 'Depok', 'Volunteer', 'Farhansyahdimas97@gmail.com'),
('14116836', 'MUHAMMAD FATIH LUBIS', '2KA34', 'SISTEM INFORMASI', 'Laki-laki', '21-08-1997', 'KARAWACI', 'Volunteer', 'muhammadfatih53@gmail.com'),
('14117349', 'Nabilah Safitri Rahma ', '1KA27', 'Sistem Informasi', 'Wanita', '01/02/2000', 'Kalimalang', 'Volunteer', 'nabilahsafitri6@gmail.com'),
('14117636', 'Oby andaresta', '1ka10', 'Sistem informasi', 'Pria', '15/07/1998', 'Depok', 'Volunteer', 'Obyandrsta3@gmail.com'),
('14117879', 'Ragil adi wicaksono', '1KA10', 'Sistem informasi', 'Pria', '17/01/1998', 'Depok', 'Volunteer', 'ragiladiw@gmail.com'),
('14117907', 'Raihan Wisesa Wardhana', '1KA15', 'Sistem Informasi', 'Laki- laki', '13 Januari 2000', 'Depok', 'Volunteer', 'raihanwisesa10@gmail.com'),
('15115073', 'Nina Yusmiana', '3KA07', 'Sistem Informasi', 'Wanita', '27 maret 1997', 'Depok', 'Volunteer', 'Ninaayusmianaa12@gmail.com'),
('15115076', 'Nindyta dyahnirmala yuanaputri', '3ka34', 'sistem informasi', 'perempuan', '13/05/1997', 'karawaci', 'Volunteer', 'nyuanaputri@gmail.con'),
('15115171', 'NUR ASMAWATI FAJRIANI AZIS', '3KA13', 'SISTEM INFORMASI', 'PEREMPUAN', '05/10/1997', 'DEPOK', 'Volunteer', 'nurasmawati49@yahoo.com'),
('15115268', 'Okti Setianingsih', '3KA29', 'Sistem Informasi', 'Perempuan', '03/10/1997', 'Kalimalang', 'Deputi Biro SDM', 'oktisetianingsih030@gmail.com'),
('15115398', 'Prisky Ratna Aningtiyas', '3KA01', 'Sistem Informasi', 'Wanita', '24/03/1997', 'Depok', 'Kepala Biro Media', 'Priskyra@gmail.com'),
('15115763', 'Renita Putri Januarita', '3KA01', 'Sistem Informasi', 'Perempuan', '02011997', 'Depok', 'Deputi Inventaris', 'renitaputrij23@gmail.com'),
('15116026', 'Muhammad Raihan', '2ka01', 'Sistem informasi', 'Pria', '13/01/1998', 'Depok', 'Volunteer', 'Rayhantu@gmail.com'),
('15116088', 'Muhammad Rizky Erdiansyah', '2KA03', 'Sistem Informasi ', 'Pria', '16/10/1998', 'Depok', 'Volunteer', 'erdiansyahrizky41@gmail.com'),
('15116270', 'Nadira Fitri Zakia Hikmah', '2KA10', 'Sistem informasi', 'Perempuan', '18 februari 1998', 'Depok', 'Staff bagian keuangan', 'Nadirafitri182@gmail.com'),
('15116594', 'Nurmaulidya Marhayadi', '2KA01', 'Sistem Informasi', 'Perempuan', '06/08/1998', 'Depok', 'Staff Departemen Seni Budaya', 'nurmaulidya06@yahoo.com'),
('15116629', 'Nurul Maulidina Kelana', '2KA09', 'Sistem Informasi', 'Wanita', '29/06/1999', 'Depok', 'Staff Biro Humas', 'Nurulkelana@icloud.com'),
('15116635', 'Nurul Shafira', '2KA01', 'Sistem Informasi', 'Wanita', '10/11/1997', 'Depok', 'Staff Departemen Pengabdian Masyarakat', 'nrlshfr@gmail.com'),
('15116638', 'Nurul ummi yasmin', '2ka12', 'Sistem Informasi', 'Wanita', '22/12/1997', 'Depom', 'Staff departemen kesmah', 'nu.ysmn@yahoo.com'),
('15116667', 'Oksavira Nabila Pramudytami', '2KA01', 'Sistem Informasi', 'Wanita', '22 Oktober 1998', 'Depok', 'Pengurus', 'oksaviranp@gmail.com'),
('15116740', 'Paulisa Bunga Chintami', '2KA02', 'Sistem Informasi', 'Wanita', '12/03/1998', 'Depok', 'Volunteer', 'bungachintami@gmail.com'),
('15116748', 'Peni nur\'aeni apandi', '2ka32', 'Sistem informasi', 'Wanita', '16/08/1998', 'Karawaci', 'Volunteer', 'Penynab@gmail.com'),
('15116814', 'Puspa Anyatamara Pranowo', '2KA01', 'Sistem Informasi', 'Wanita', '22/11/1997', 'Depok', 'Volunteer', 'anya.tamarapuspa@gmail.com'),
('15116899', 'Rachma Chrysanti', '2Ka16', 'Sistem Informasi', 'Wanita', '20/09/2017', 'Depok', 'Staff bagian kesekretariatan', 'R.chrysanti@gmail.com'),
('15117072', 'Retno Febriyanti', '1KA15', 'Sistem informasi', 'Wanita', '28 / 02 / 1999', 'Depok', 'Volunteer', 'retnofebriyanti93@gmail.com'),
('15117248', 'Risky Tridarma Putra', '1KA02', 'sistem informasi', 'laki-laki', '20/04/1999', 'depok', 'Volunteer', 'rizkytp2@gmail.com'),
('16114858', 'Muchamad Susanto', '4KA07', 'Sistem Informasi', 'Laki - laki', '02/07/1996', 'Depok', 'Pengurus', 'santochan96@gmail.com'),
('16115086', 'riva raissa azizah', '3ka05', 'Sistem informasi', 'Perempuan', '04/06/1997', 'Depok', 'Volunteer', 'riva.raissa@gmail.com'),
('16115371', 'Sandra Dwi Widiyaningsih', '3KA05', 'Sistem Informasi', 'Wanita', '10/04/1998', 'Depok', 'Staff Departemen Akademik', 'sandradw.sd@gmail.com'),
('16115483', 'septian perdana putra', '3ka04', 'sistem informasi', 'pria punya sele', '26/09/1997', 'depok', 'kadept kesmah', 'septiansembilanlimaa@gmail.com'),
('16115525', 'Shavira Putri Virissya P', '3KA05', 'Sistem Informasi', 'Wanita', '23/08/1997', 'Depok', 'Volunteer', 'shavirapv@gmail.com'),
('16115768', 'Syarif Sagaf Adibaji', '3KA23', 'Sistem Informasi', 'Pria', '02/08/1998', 'Kalimalang', 'Staff Departemen SeniBudaya', 'assegaf819@gmail.com'),
('16115775', 'Syendi Nazera Tamadanti', '3KA13', 'Sistem Informai', 'Wanita', '12/11/1997', 'Depok', 'Volunteer', 'Nazerasyendi@gmail.com'),
('16115777', 'Syifa Alya Nabila', '3KA12', 'Sistem Informasi', 'Perempuan', '02/10/1997', 'Depok', 'Pengurus', 'syifasan02@gmail.com'),
('16115885', 'Tiara Difa Anggrainy', '3KA25', 'Sistem Informasi', 'Perempuan', '31/05/1997', 'Kalimalang', 'Staff Biro Hubungan Masyarakat', 'difatiara@gmaul'),
('16116013', 'Raihan Pramudya', '2KA01', 'Sistem Informasi', 'Pria', '23/02/1999', 'Depok', 'Staff Departemen Akademik', 'rayhanpramudya@yahoo.co.id'),
('16116062', 'Randy Muwardani', '2KA07', 'Sistem Informasi', 'Pria', '06/04/1998', 'Depok', 'Staff Pengabdian Masyarakat', 'Rmuwardani@gmail.com'),
('16116165', 'Relista Faris Hakim', '2ka02', 'Sistem informasi', 'Pria', '15/06/1998', 'Depok', 'Pengurus', 'Relistafars@gmail.com'),
('16116363', 'Riezka Yunistika Fajriatifah', '2KA05', 'Sistem Informasi', 'Wanita', '03/06/1999', 'Depok', 'Staff Biro Media', 'Ryunistika@gmail.com'),
('16116453', 'Rio Setyo Nugraha', '2ka01', 'Sistem Informasi', 'Pria', '24 juli 1998', 'Depok', 'Volunteer', 'riosetyo17@gmail.com'),
('16116544', 'Rizka Briliana Yufita', '2KA22', 'Sistem Informasi', 'Wanita', '21/08/1998', 'Kalimalang', 'Volunteer', 'rizkaby35@gmail.com'),
('16116564', 'Rizki Ferditama Pradana', '2KA24', 'Sistem Informasi', 'Pria', '15/07/1998', 'Kalimalang', 'Staff Departemen Kesejahteraan Mahasiswa', 'rizki.ferditama20@gmail.com'),
('16116611', 'Rizky Permana Putra', '1KA22', 'Sistem Informasi', 'Laki-Laki', '1998-09-01', 'Kalimalang', 'Staff Biro PTI', NULL),
('16116775', 'Salma Nisa', '2KA15', 'Sistem Informasi', 'Wanita', '01/09/1998', 'Depok', 'Staff Biro Hubungan Masyarakat', 'salmanisa.sn@gmail.com'),
('16116913', 'Sephra Christine Natalia', '2KA04', 'Sistem Informasi', 'Wanita', '24/12/1998', 'Depok', 'Volunteer', 'sephranatal@gmail.com'),
('16117437', 'Dhimas el fadjri', '1ka10', 'Sistem informasi', 'Pria', '21/09/1999', 'Depok', 'Volunteer', 'dhimaselfadjri@gmail.com'),
('16117610', 'Ainun Afriyanti Anugrah', '1KA15', 'Sistem Informasi', 'Wanita', '25/04/1999', 'Depok', 'Volunteer', 'afriyantiainun9@gmail.com'),
('16117917', 'Rizky Rachmat Sakhdan', '1KA10', 'Sistem Informasi', 'Laki-Laki', '20/06/1997', 'Depok', 'Volunteer', 'rachmat69.rrs@gmail.com'),
('17114148', 'Muhammad Delonix Satria', '4KA04', 'Sistem Informasi', 'Pria', '16 Juni 1996', 'Depok', 'Kepala Bidang Pendidikan dan Sosial', 'delonixsatria@gmail.com'),
('17114221', 'Muhammad Farhan Fauzan', '4KA22', 'Sistem Informasi', 'Laki - Laki', '30 September 1996', 'Depok', 'Volunteer', 'mfrhnfzn@gmail.com'),
('17114930', 'Nida Syahhadah', '4KA23', 'Sistem Informasi', 'Wanita', '30/11/1995', 'Depok', 'Volunteer', 'Nidaasyhdh@gmail.com'),
('17115831', 'Irma Safitri', '3KA04', 'Sistem Informasi ', 'Wanita', '2 September 1997', 'Depok', 'Pengurus', 'irmasafitri57@yahoo.com'),
('17116122', 'Sofie Gita Pratiwi', '2ka01', 'Sistem Infomasi', 'Perempuan', '20/10/1997', 'Depok', 'Staff Biro SDM', 'Sopigp@gmail.com'),
('17116158', 'Stevhino Jayatika Permana', '2KA08', 'Sistem Informasi', 'Pria', '01/01/1998', 'Depok', 'Volunteer', 'Stevhino.permana@gmail'),
('17116234', 'Syahrizal Rusmanhadi Perdana', '2KA11', 'Sistem Informasi', 'Pria', '23/07/1998', 'Depok', 'Volunteer', 'ijal.rusmanhadi@gmail.com'),
('17116594', 'WAHYU SUHENDRI PUTRA', '2KA15', 'SISTEM INFORMASI', 'PRIA', '26/01/1997', 'DEPOK', 'STAFF DEPARTEMEN OLAHRAGA', 'wahyuhendriy@gmail.com'),
('17116755', 'Yofadikara Nurrohman', '2ka01', 'Sistem Informasi', 'Pria', '23/09/1998', 'Depok', 'Staff Departemen Olahraga', 'yofadikara.98@gmail.com'),
('17116921', 'Zavira Nabilla', '2KA21', 'Sistem Informasi', 'Perempuan', '01/03/1998', 'Kalimalang', 'Sfaff Departemen Seni Budaya', 'znbilla4@gmail.com'),
('17116932', 'Zerra Triani', '2KA13', 'Sistem Informasi', 'Wanita', '29/01/1998', 'Depok', 'Volunteer', 'ztriani@gmail.com'),
('17116987', 'Muhammad Faiz Ananda Budianto', '2KA09', 'Sistem Informasi', 'Pria', '29/08/1996', 'Depok', 'Volunteer', 'faizananda@yahoo.com'),
('18114770', 'Rahma Anisa', '4ka10', 'Sistem Informasi', 'Wanita', '22 Juni 1996', 'Depok', 'Kepala Bagian Internal', 'rahmaanisa96@gmail.com'),
('18116219', 'Harya Gilbran Yova Padmanegara', '2KA16', 'Sistem Informasi ', 'Pria', '10/02/1999', 'Depok', 'Staff Departemen Seni & Budaya', 'Gilbranpadmanegara@gmail.com '),
('18116250', 'Ripa Saepul Ahyar', '2KA12', 'Sistem Informasi', 'Pria', '05/08/1997', 'Depok', 'Staff Pengabdi Masyarakat', 'Ripaahyar20@gmail.com'),
('18116261', 'zikri adi utama', '2ka09', 'sistem informasi', 'pria', '15/03/1998', 'depok', 'Volunteer', 'zikriadi547@gmail.com'),
('18116320', 'Diva Astra Primalia', '2KA17', 'Sistem Informasi', 'Wanita', '13/06/1998', 'Depok', 'Volunteer', 'diva.astra123@gmail.com'),
('1A114641', 'Syta Choirunnisa', '4KA10', 'Sistem Informasi', 'Perempuan', '08/06/1996', 'Depok', 'Sekretaris Umum', 'sytachoi@gmail.com'),
('1C114525', 'Yudistiranda Satya Nurhadi Putra', '4KA41', 'Sistem Informasi', 'Pria', '26/05/1994', 'Karawaci', 'BPh', 'yudistirandasnp@gmail.com'),
('20116212', 'Aditya Kresna Mukti', '2kb08', 'Sistem komputer', 'Pria', '10 mei 1997', 'Karawaci', 'Staff biro media', 'adityakresnamukti97@gmail.com'),
('21116431', 'Bima Putra Kurniadifa', '2KB08', 'Sistem Komputer', 'Pria', '24/03/1998', 'Karawaci', 'Staff Biro PTI', 'Biputra24@yahoo.com'),
('21117625', 'Dhimas Dwi Pramulya', '1KB01', 'Sistem Komputer', 'Pria', '18/04/1999', 'Depok', 'Volunteer', 'dhimasdp18@gmail.com'),
('23114739', 'Fadhil maulan', '4KB06', 'Sistem Komputer', 'Lelaki', '28 Desember 1995', 'Depok', 'Volunteer', 'fm14beck@gmail.com'),
('23115487', 'Isnaini', '3kb07', 'SISTEM KOMPUTER', 'Wanita', '20 Maret 1997', 'Kalimalang', 'STAFF BAGIAN KESEKRETARIATAN', 'isnainis2003@gmail.com'),
('23117102', 'Juantoro Wahyu Prayogi', '1KB01', 'Sistem Komputer', 'Pria', '03/12/1998', 'Depok', 'Volunteer', 'stoedafc@gmail.com'),
('25117307', 'RIZKI HUSAINI', '1KB01', 'Sistem Komputer', 'Laki-Laki', '23/02/1998', 'Depok', 'Volunteer', 'Rizkihusaini48@gmail.com'),
('26115874', 'Tia Arolina', '3KB07', 'Sistem Komputer', 'wanita', '06 Januari 1997', 'Kalimalang', 'Staff Biro Litbang', 'tiaarolina59@gmail.com'),
('27114077', 'Muhammad Ammar Ramadhan', '4KB02', 'Sistem Komputer', 'Pria', '20/01/1997', 'Depok', 'BPH', 'Ammarramadhan123@gmail.com'),
('28114170', 'Nur Iramadhan', '4KB10', 'Sistem Komputer', 'Pria', '25/01/1996', 'Kalimalang', 'Pengurus\'', 'nuriramadhann@gmail.com');

-- --------------------------------------------------------

--
-- Table structure for table `kegiatan`
--

CREATE TABLE `kegiatan` (
  `id_kegiatan` int(5) NOT NULL,
  `nama_kegiatan` varchar(50) NOT NULL,
  `ket_kegiatan` varchar(1000) DEFAULT NULL,
  `tgl_kegiatan` varchar(30) DEFAULT NULL
) ENGINE=InnoDB DEFAULT CHARSET=latin1;

--
-- Dumping data for table `kegiatan`
--

INSERT INTO `kegiatan` (`id_kegiatan`, `nama_kegiatan`, `ket_kegiatan`, `tgl_kegiatan`) VALUES
(14, 'FIKTI Open Sport Competition 2018', 'Lomba olahraga untuk mahasiswa gunadarma yang akan dilaksanakan selama 6 hari di 3 domisili yaitu depok, kalimalang, karawaici. Dengan cabang lomba futsal, basket 3on3, panahan, catur', '5 - 10 Maret 2018'),
(16, 'FAME 2018', 'Acara musik dan kesenian terbesar di Universitas Gunadarma yang diadakan oleh departemen Seni dan Budaya BEM FIKTI Universitas Gunadarma', '7 April 2018'),
(17, 'Heroes 2018', 'Heroes merupakan kegiatan bakti sosial sebagai bentuk pengabdian mahasiswa/i FIKTI Universitas Gunadarma kepada masyarakat. Bentuk kegiatan Heroes terdiri dari penyuluhan dan pemeriksaan kesehatan, belajar mengajar dengan anak-anak didaerah tersebut dan kegiatan-kegiatan dalam bentuk bakti sosial.', '27-04-2018'),
(19, 'FCFAS', 'Mengembangkan minat dan bakat mahasiswa fikti, kelas khusus dengan materi web programming dan jaringan (cisco) ', '15-06-2018'),
(21, 'Terserah Ketum mah Bebas wkwk', 'Rapat Kabinet Bermanfaat', '05-12-2017'),
(22, 'Kelas HPD', 'Ini kegiatan kelas sesi sharing anak HPD dan sponsor', '10-12-2017'),
(23, 'FAME', 'Sponsorship', '19-12-2017'),
(25, 'Techno Fair 2018', 'Seminar, Workshop, Kompetisi, dan Pameran mengenai teknologi terkini', '22-03-2018'),
(26, 'FAME', 'Kegiatan kesenian', '23-04-2018'),
(30, 'Rapat Bulanan ', 'Depok, Kalimalang, Karawaci', 'Hingga Akhir Periode'),
(31, 'Rapat Bidang ORSB Januari', 'Rapat penutupan diakhir Januari tahun 2018', '30-01-2018'),
(36, 'Rapat Techno Fair 2018', 'Monitoring kinerja tiap divisi', '22-03-2018'),
(37, 'Rapat Bagian Keuangan ', 'Kegiatan yang berhubungan sama uang dah pokoknyaa', 'Kapan aja'),
(38, 'Rose part 2', 'Fun activity bulan februari', '06-02-2018'),
(39, 'Rapat bulanan Biro Humas', 'Rapat bulanan Biro Humas FIKTI', '02-02-2018'),
(40, '', '', '02-02-2018');

-- --------------------------------------------------------

--
-- Table structure for table `kepanitiaan`
--

CREATE TABLE `kepanitiaan` (
  `id_kepanitiaan` int(5) NOT NULL,
  `npm` varchar(8) NOT NULL,
  `id_kegiatan` int(5) DEFAULT NULL,
  `jabatan_panitia` varchar(50) DEFAULT NULL
) ENGINE=InnoDB DEFAULT CHARSET=latin1;

--
-- Dumping data for table `kepanitiaan`
--

INSERT INTO `kepanitiaan` (`id_kepanitiaan`, `npm`, `id_kegiatan`, `jabatan_panitia`) VALUES
(49, '13115561', 9, NULL),
(51, '16116611', 9, NULL),
(59, '10115042', 11, NULL),
(60, '10115140', 11, NULL),
(61, '10115148', 11, NULL),
(62, '10116002', 11, NULL),
(63, '10116676', 11, NULL),
(64, '10116894', 11, NULL),
(65, '11115447', 11, NULL),
(66, '11115533', 11, NULL),
(67, '11115864', 11, NULL),
(68, '11116007', 11, NULL),
(69, '11116528', 11, NULL),
(70, '11116532', 11, NULL),
(71, '11116550', 11, NULL),
(72, '11116643', 11, NULL),
(73, '11116783', 11, NULL),
(74, '11116920', 11, NULL),
(75, '12114537', 11, NULL),
(76, '12115465', 11, NULL),
(77, '12115963', 11, NULL),
(78, '12116105', 11, NULL),
(79, '12116491', 11, NULL),
(81, '13115249', 11, NULL),
(82, '13115561', 11, NULL),
(83, '13116142', 11, NULL),
(84, '13116502', 11, NULL),
(85, '14114480', 11, NULL),
(86, '14115869', 11, NULL),
(87, '14115896', 11, NULL),
(88, '14116243', 11, NULL),
(90, '15115268', 11, NULL),
(91, '15115398', 11, NULL),
(92, '15115763', 11, NULL),
(93, '15116270', 11, NULL),
(94, '15116594', 11, NULL),
(95, '15116629', 11, NULL),
(96, '15116635', 11, NULL),
(97, '15116638', 11, NULL),
(98, '15116899', 11, NULL),
(99, '16115371', 11, NULL),
(100, '16115483', 11, NULL),
(101, '16115768', 11, NULL),
(102, '16115885', 11, NULL),
(103, '16116013', 11, NULL),
(104, '16116062', 11, NULL),
(105, '16116363', 11, NULL),
(106, '16116564', 11, NULL),
(107, '16116611', 11, NULL),
(108, '16116775', 11, NULL),
(109, '17114148', 11, NULL),
(110, '17116122', 11, NULL),
(111, '17116594', 11, NULL),
(112, '17116755', 11, NULL),
(113, '17116921', 11, NULL),
(114, '18114770', 11, NULL),
(115, '18116219', 11, NULL),
(116, '18116250', 11, NULL),
(117, '1A114641', 11, NULL),
(118, '1C114525', 11, NULL),
(119, '20116212', 11, NULL),
(120, '21116431', 11, NULL),
(121, '23115487', 11, NULL),
(122, '26115874', 11, NULL),
(123, '27114077', 11, NULL),
(186, '10115042', 12, NULL),
(187, '10115140', 12, NULL),
(188, '10115148', 12, NULL),
(189, '10116002', 12, NULL),
(190, '10116676', 12, NULL),
(191, '10116894', 12, NULL),
(192, '11115447', 12, NULL),
(193, '11115533', 12, NULL),
(194, '11115864', 12, NULL),
(195, '11116007', 12, NULL),
(196, '11116528', 12, NULL),
(197, '11116532', 12, NULL),
(198, '11116550', 12, NULL),
(199, '11116643', 12, NULL),
(200, '11116783', 12, NULL),
(201, '11116920', 12, NULL),
(202, '12114537', 12, NULL),
(203, '12115465', 12, NULL),
(204, '12115963', 12, NULL),
(205, '12116105', 12, NULL),
(206, '12116491', 12, NULL),
(208, '13115249', 12, NULL),
(210, '13116142', 12, NULL),
(211, '13116502', 12, NULL),
(212, '14114480', 12, NULL),
(213, '14115869', 12, NULL),
(214, '14115896', 12, NULL),
(215, '14116243', 12, NULL),
(217, '15115268', 12, NULL),
(218, '15115398', 12, NULL),
(219, '15115763', 12, NULL),
(220, '15116270', 12, NULL),
(221, '15116594', 12, NULL),
(222, '15116629', 12, NULL),
(223, '15116635', 12, NULL),
(224, '15116638', 12, NULL),
(225, '15116899', 12, NULL),
(226, '16115371', 12, NULL),
(227, '16115483', 12, NULL),
(228, '16115768', 12, NULL),
(229, '16115885', 12, NULL),
(230, '16116013', 12, NULL),
(231, '16116062', 12, NULL),
(232, '16116363', 12, NULL),
(233, '16116564', 12, NULL),
(234, '16116611', 12, NULL),
(235, '16116775', 12, NULL),
(236, '17114148', 12, NULL),
(237, '17116122', 12, NULL),
(238, '17116594', 12, NULL),
(239, '17116755', 12, NULL),
(240, '17116921', 12, NULL),
(241, '18114770', 12, NULL),
(242, '18116219', 12, NULL),
(243, '18116250', 12, NULL),
(244, '1A114641', 12, NULL),
(245, '1C114525', 12, NULL),
(246, '20116212', 12, NULL),
(247, '21116431', 12, NULL),
(248, '23115487', 12, NULL),
(249, '26115874', 12, NULL),
(250, '27114077', 12, NULL),
(313, '10115042', 13, NULL),
(314, '10115140', 13, NULL),
(315, '10115148', 13, NULL),
(316, '10116002', 13, NULL),
(317, '10116676', 13, NULL),
(318, '10116894', 13, NULL),
(319, '11115447', 13, NULL),
(320, '11115533', 13, NULL),
(321, '11115864', 13, NULL),
(322, '11116007', 13, NULL),
(323, '11116528', 13, NULL),
(324, '11116532', 13, NULL),
(325, '11116550', 13, NULL),
(326, '11116643', 13, NULL),
(327, '11116783', 13, NULL),
(328, '11116920', 13, NULL),
(329, '12114537', 13, NULL),
(330, '12115465', 13, NULL),
(331, '12115963', 13, NULL),
(332, '12116105', 13, NULL),
(333, '12116491', 13, NULL),
(335, '13115249', 13, NULL),
(336, '13115561', 13, NULL),
(337, '13116142', 13, NULL),
(338, '13116502', 13, NULL),
(339, '14114480', 13, NULL),
(340, '14115869', 13, NULL),
(341, '14115896', 13, NULL),
(342, '14116243', 13, NULL),
(344, '15115268', 13, NULL),
(345, '15115398', 13, NULL),
(346, '15115763', 13, NULL),
(347, '15116270', 13, NULL),
(348, '15116594', 13, NULL),
(349, '15116629', 13, NULL),
(350, '15116635', 13, NULL),
(351, '15116638', 13, NULL),
(352, '15116899', 13, NULL),
(353, '16115371', 13, NULL),
(354, '16115483', 13, NULL),
(355, '16115768', 13, NULL),
(356, '16115885', 13, NULL),
(357, '16116013', 13, NULL),
(358, '16116062', 13, NULL),
(359, '16116363', 13, NULL),
(360, '16116564', 13, NULL),
(361, '16116611', 13, NULL),
(362, '16116775', 13, NULL),
(363, '17114148', 13, NULL),
(364, '17116122', 13, NULL),
(365, '17116594', 13, NULL),
(366, '17116755', 13, NULL),
(367, '17116921', 13, NULL),
(368, '18114770', 13, NULL),
(369, '18116219', 13, NULL),
(370, '18116250', 13, NULL),
(371, '1A114641', 13, NULL),
(372, '1C114525', 13, NULL),
(373, '20116212', 13, NULL),
(374, '21116431', 13, NULL),
(375, '23115487', 13, NULL),
(376, '26115874', 13, NULL),
(377, '27114077', 13, NULL),
(440, '10115042', 14, NULL),
(441, '10115140', 14, NULL),
(442, '10115148', 14, NULL),
(443, '10116002', 14, NULL),
(444, '10116676', 14, NULL),
(445, '10116894', 14, NULL),
(446, '11115447', 14, NULL),
(447, '11115533', 14, NULL),
(448, '11115864', 14, NULL),
(449, '11116007', 14, NULL),
(450, '11116528', 14, NULL),
(451, '11116532', 14, NULL),
(452, '11116550', 14, NULL),
(453, '11116643', 14, NULL),
(454, '11116783', 14, NULL),
(455, '11116920', 14, NULL),
(456, '12114537', 14, NULL),
(457, '12115465', 14, NULL),
(458, '12115963', 14, NULL),
(459, '12116105', 14, NULL),
(460, '12116491', 14, NULL),
(462, '13115249', 14, NULL),
(463, '13115561', 14, NULL),
(464, '13116142', 14, NULL),
(465, '13116502', 14, NULL),
(466, '14114480', 14, NULL),
(467, '14115869', 14, NULL),
(468, '14115896', 14, NULL),
(469, '14116243', 14, NULL),
(471, '15115268', 14, NULL),
(472, '15115398', 14, NULL),
(473, '15115763', 14, NULL),
(474, '15116270', 14, NULL),
(475, '15116594', 14, NULL),
(476, '15116629', 14, NULL),
(477, '15116635', 14, NULL),
(478, '15116638', 14, NULL),
(479, '15116899', 14, NULL),
(480, '16115371', 14, NULL),
(481, '16115483', 14, NULL),
(482, '16115768', 14, NULL),
(483, '16115885', 14, NULL),
(484, '16116013', 14, NULL),
(485, '16116062', 14, NULL),
(486, '16116363', 14, NULL),
(487, '16116564', 14, NULL),
(488, '16116611', 14, NULL),
(489, '16116775', 14, NULL),
(490, '17114148', 14, NULL),
(491, '17116122', 14, NULL),
(492, '17116594', 14, NULL),
(493, '17116755', 14, NULL),
(494, '17116921', 14, NULL),
(495, '18114770', 14, NULL),
(496, '18116219', 14, NULL),
(497, '18116250', 14, NULL),
(498, '1A114641', 14, NULL),
(499, '1C114525', 14, NULL),
(500, '20116212', 14, NULL),
(501, '21116431', 14, NULL),
(502, '23115487', 14, NULL),
(503, '26115874', 14, NULL),
(504, '27114077', 14, NULL),
(1080, '15116594', 10, 'Volunteer'),
(1081, '17114930', 10, 'Volunteer'),
(1086, '21117625', 10, 'Volunteer'),
(1087, '17116158', 10, 'Volunteer'),
(1088, '17116921', 10, 'Volunteer'),
(1090, '14117349', 10, 'Volunteer'),
(1091, '15115073', 10, 'Volunteer'),
(1092, '16116544', 10, 'Volunteer'),
(1093, '14116519', 10, 'Volunteer'),
(1094, '17114221', 10, 'Volunteer'),
(1095, '15116740', 10, 'Volunteer'),
(1096, '13116839', 10, 'Volunteer'),
(1097, '13116386', 10, 'Volunteer'),
(1225, '23114739', 10, 'Volunteer'),
(1226, '15116638', 10, 'Volunteer'),
(1227, '14117879', 10, 'Volunteer'),
(1355, '12116586', 10, 'Volunteer'),
(1356, '16115775', 10, 'Volunteer'),
(1357, '11116607', 10, 'Volunteer'),
(1358, '13116704', 10, 'Volunteer'),
(1486, '12117471', 10, 'Volunteer'),
(1487, '16116913', 10, 'Volunteer'),
(1488, '11115810', 10, 'Volunteer'),
(1489, '15116088', 10, 'Volunteer'),
(1490, '15116088', 10, 'Volunteer'),
(1491, '16115768', 10, 'Volunteer'),
(1619, '1217299', 10, 'Volunteer'),
(1620, '15116026', 10, 'Volunteer'),
(1621, '13117833', 10, 'Volunteer'),
(1622, '16115525', 10, 'Volunteer'),
(1623, '10116865', 10, 'Volunteer'),
(1624, '25117307', 10, 'Volunteer'),
(1625, '10117942', 10, 'Volunteer'),
(1626, '15116748', 10, 'Volunteer'),
(1627, '11116060', 10, 'Volunteer'),
(1628, '11116060', 10, 'Volunteer'),
(1629, '15117248', 10, 'Volunteer'),
(1630, '18116320', 10, 'Volunteer'),
(1631, '18116320', 10, 'Volunteer'),
(1632, '12115366', 10, 'Volunteer'),
(1633, '13114402', 10, 'Volunteer'),
(1634, '14117907', 10, 'Volunteer'),
(1762, '11117597', 10, 'Volunteer'),
(1763, '13116614', 10, 'Volunteer'),
(1764, '15115171', 10, 'Volunteer'),
(1765, '10114016', 10, 'Volunteer'),
(1766, '14116149', 10, 'Volunteer'),
(1767, '10117010', 10, 'Volunteer'),
(1768, '18116261', 10, 'Volunteer'),
(1769, '23117102', 10, 'Volunteer'),
(1770, '15115076', 10, 'Volunteer'),
(1771, '13117608', 10, 'Volunteer'),
(1772, '14117636', 10, 'Volunteer'),
(1773, '11115556', 10, 'Volunteer'),
(1774, '10116079', 10, 'Volunteer'),
(1775, '10117386', 10, 'Volunteer'),
(1776, '16117437', 10, 'Volunteer'),
(1777, '11116923', 10, 'Volunteer'),
(1778, '14116836', 10, 'Volunteer'),
(1779, '10116248', 10, 'Volunteer'),
(1780, '10116248', 10, 'Volunteer'),
(1908, '10115042', 21, NULL),
(1909, '10115140', 21, NULL),
(1910, '10115148', 21, NULL),
(1911, '11115447', 21, NULL),
(1912, '11115533', 21, NULL),
(1913, '11115864', 21, NULL),
(1914, '12114537', 21, NULL),
(1915, '12115465', 21, NULL),
(1916, '12115963', 21, NULL),
(1917, '13115249', 21, NULL),
(1918, '13115561', 21, NULL),
(1919, '14114480', 21, NULL),
(1920, '14115869', 21, NULL),
(1921, '14115896', 21, NULL),
(1922, '15115268', 21, NULL),
(1923, '15115398', 21, NULL),
(1924, '15115763', 21, NULL),
(1925, '16115371', 21, NULL),
(1926, '16115483', 21, NULL),
(1927, '16115768', 21, NULL),
(1928, '16115885', 21, NULL),
(1929, '17114148', 21, NULL),
(1930, '18114770', 21, NULL),
(1931, '1A114641', 21, NULL),
(1932, '1C114525', 21, NULL),
(1933, '23115487', 21, NULL),
(1934, '26115874', 21, NULL),
(1935, '27114077', 21, NULL),
(1936, '11116643', 10, 'Volunteer'),
(2065, '28114170', 10, 'Volunteer'),
(2066, '11117447', 10, 'Volunteer'),
(2067, '14116773', 10, 'Volunteer'),
(2068, '16115371', 10, 'Volunteer'),
(2069, '13117639', 10, 'Volunteer'),
(2071, '14116689', 10, 'Volunteer'),
(2072, '15116638', 10, 'Volunteer'),
(2073, '10116871', 10, 'Volunteer'),
(2074, '16116453', 10, 'Volunteer'),
(2075, '11115294', 10, 'Volunteer'),
(2076, '13117779', 10, 'Volunteer'),
(2077, '15116814', 10, 'Volunteer'),
(2078, '17116234', 10, 'Volunteer'),
(2334, '10116885', 10, 'Volunteer'),
(2335, '13117664', 10, 'Volunteer'),
(2591, '16115777', 10, 'Volunteer'),
(2592, '17115831', 10, 'Volunteer'),
(2593, '16114858', 10, 'Volunteer'),
(2594, '13116483', 10, 'Volunteer'),
(2595, '14114470', 10, 'Volunteer'),
(2596, '21116431', 10, 'Volunteer'),
(2597, '12116465', 10, 'Volunteer'),
(2598, '16117610', 10, 'Volunteer'),
(2599, '11116783', 10, 'Volunteer'),
(2600, '12116429', 10, 'Volunteer'),
(2601, '17116122', 10, 'Volunteer'),
(2602, '12116687', 10, 'Volunteer'),
(2603, '15115763', 10, 'Volunteer'),
(2604, '16116165', 10, 'Volunteer'),
(2605, '10117189', 10, 'Volunteer'),
(3116, '10114016', 14, NULL),
(3117, '10115042', 14, NULL),
(3118, '10115140', 14, NULL),
(3119, '10115148', 14, NULL),
(3120, '10116002', 14, NULL),
(3121, '10116079', 14, NULL),
(3122, '10116248', 14, NULL),
(3123, '10116660', 14, NULL),
(3124, '10116676', 14, NULL),
(3125, '10116865', 14, NULL),
(3126, '10116871', 14, NULL),
(3127, '10116885', 14, NULL),
(3128, '10116894', 14, NULL),
(3129, '10117010', 14, NULL),
(3130, '10117189', 14, NULL),
(3131, '10117386', 14, NULL),
(3132, '10117942', 14, NULL),
(3133, '11115294', 14, NULL),
(3134, '11115447', 14, NULL),
(3135, '11115533', 14, NULL),
(3136, '11115556', 14, NULL),
(3137, '11115810', 14, NULL),
(3138, '11115864', 14, NULL),
(3139, '11116007', 14, NULL),
(3140, '11116060', 14, NULL),
(3141, '11116528', 14, NULL),
(3142, '11116532', 14, NULL),
(3143, '11116550', 14, NULL),
(3144, '11116607', 14, NULL),
(3145, '11116643', 14, NULL),
(3146, '11116783', 14, NULL),
(3147, '11116920', 14, NULL),
(3148, '11116923', 14, NULL),
(3149, '11117447', 14, NULL),
(3150, '11117597', 14, NULL),
(3151, '12114537', 14, NULL),
(3152, '12115366', 14, NULL),
(3153, '12115465', 14, NULL),
(3154, '12115963', 14, NULL),
(3155, '12116105', 14, NULL),
(3156, '12116429', 14, NULL),
(3157, '12116465', 14, NULL),
(3158, '12116491', 14, NULL),
(3159, '12116586', 14, NULL),
(3160, '12116687', 14, NULL),
(3161, '12117471', 14, NULL),
(3162, '1217299', 14, NULL),
(3163, '12345678', 14, NULL),
(3164, '13114402', 14, NULL),
(3165, '13115249', 14, NULL),
(3166, '13115561', 14, NULL),
(3167, '13116142', 14, NULL),
(3168, '13116386', 14, NULL),
(3169, '13116483', 14, NULL),
(3170, '13116502', 14, NULL),
(3171, '13116614', 14, NULL),
(3172, '13116704', 14, NULL),
(3173, '13116839', 14, NULL),
(3174, '13117608', 14, NULL),
(3175, '13117639', 14, NULL),
(3176, '13117664', 14, NULL),
(3177, '13117779', 14, NULL),
(3178, '13117833', 14, NULL),
(3179, '14114470', 14, NULL),
(3180, '14114480', 14, NULL),
(3181, '14115869', 14, NULL),
(3182, '14115896', 14, NULL),
(3183, '14116149', 14, NULL),
(3184, '14116243', 14, NULL),
(3185, '14116519', 14, NULL),
(3186, '14116689', 14, NULL),
(3187, '14116773', 14, NULL),
(3188, '14116836', 14, NULL),
(3189, '14117349', 14, NULL),
(3190, '14117636', 14, NULL),
(3191, '14117879', 14, NULL),
(3192, '14117907', 14, NULL),
(3193, '15115073', 14, NULL),
(3194, '15115076', 14, NULL),
(3195, '15115171', 14, NULL),
(3196, '15115268', 14, NULL),
(3197, '15115398', 14, NULL),
(3198, '15115763', 14, NULL),
(3199, '15116026', 14, NULL),
(3200, '15116088', 14, NULL),
(3201, '15116270', 14, NULL),
(3202, '15116594', 14, NULL),
(3203, '15116629', 14, NULL),
(3204, '15116635', 14, NULL),
(3205, '15116638', 14, NULL),
(3206, '15116740', 14, NULL),
(3207, '15116748', 14, NULL),
(3208, '15116814', 14, NULL),
(3209, '15116899', 14, NULL),
(3210, '15117248', 14, NULL),
(3211, '16114858', 14, NULL),
(3212, '16115371', 14, NULL),
(3213, '16115483', 14, NULL),
(3214, '16115525', 14, NULL),
(3215, '16115768', 14, NULL),
(3216, '16115775', 14, NULL),
(3217, '16115777', 14, NULL),
(3218, '16115885', 14, NULL),
(3219, '16116013', 14, NULL),
(3220, '16116062', 14, NULL),
(3221, '16116165', 14, NULL),
(3222, '16116363', 14, NULL),
(3223, '16116453', 14, NULL),
(3224, '16116544', 14, NULL),
(3225, '16116564', 14, NULL),
(3226, '16116611', 14, NULL),
(3227, '16116775', 14, NULL),
(3228, '16116913', 14, NULL),
(3229, '16117437', 14, NULL),
(3230, '16117610', 14, NULL),
(3231, '16117917', 14, NULL),
(3232, '17114148', 14, NULL),
(3233, '17114221', 14, NULL),
(3234, '17114930', 14, NULL),
(3235, '17115831', 14, NULL),
(3236, '17116122', 14, NULL),
(3237, '17116158', 14, NULL),
(3238, '17116234', 14, NULL),
(3239, '17116594', 14, NULL),
(3240, '17116755', 14, NULL),
(3241, '17116921', 14, NULL),
(3242, '17116932', 14, NULL),
(3243, '17116987', 14, NULL),
(3244, '18114770', 14, NULL),
(3245, '18116219', 14, NULL),
(3246, '18116250', 14, NULL),
(3247, '18116261', 14, NULL),
(3248, '18116320', 14, NULL),
(3249, '1A114641', 14, NULL),
(3250, '1C114525', 14, NULL),
(3251, '20116212', 14, NULL),
(3252, '21116431', 14, NULL),
(3253, '21117625', 14, NULL),
(3254, '23114739', 14, NULL),
(3255, '23115487', 14, NULL),
(3256, '23117102', 14, NULL),
(3257, '25117307', 14, NULL),
(3258, '26115874', 14, NULL),
(3259, '27114077', 14, NULL),
(3260, '28114170', 14, NULL),
(3626, '10114016', 17, NULL),
(3627, '10115042', 17, NULL),
(3628, '10115140', 17, NULL),
(3629, '10115148', 17, NULL),
(3630, '10116002', 17, NULL),
(3631, '10116079', 17, NULL),
(3632, '10116248', 17, NULL),
(3633, '10116660', 17, NULL),
(3634, '10116676', 17, NULL),
(3635, '10116865', 17, NULL),
(3636, '10116871', 17, NULL),
(3637, '10116885', 17, NULL),
(3638, '10116894', 17, NULL),
(3639, '10117010', 17, NULL),
(3640, '10117189', 17, NULL),
(3641, '10117386', 17, NULL),
(3642, '10117942', 17, NULL),
(3643, '11115294', 17, NULL),
(3644, '11115447', 17, NULL),
(3645, '11115533', 17, NULL),
(3646, '11115556', 17, NULL),
(3647, '11115810', 17, NULL),
(3648, '11115864', 17, NULL),
(3649, '11116007', 17, NULL),
(3650, '11116060', 17, NULL),
(3651, '11116528', 17, NULL),
(3652, '11116532', 17, NULL),
(3653, '11116550', 17, NULL),
(3654, '11116607', 17, NULL),
(3655, '11116643', 17, NULL),
(3656, '11116783', 17, NULL),
(3657, '11116920', 17, NULL),
(3658, '11116923', 17, NULL),
(3659, '11117447', 17, NULL),
(3660, '11117597', 17, NULL),
(3661, '12114537', 17, NULL),
(3662, '12115366', 17, NULL),
(3663, '12115465', 17, NULL),
(3664, '12115963', 17, NULL),
(3665, '12116105', 17, NULL),
(3666, '12116429', 17, NULL),
(3667, '12116465', 17, NULL),
(3668, '12116491', 17, NULL),
(3669, '12116586', 17, NULL),
(3670, '12116687', 17, NULL),
(3671, '12117471', 17, NULL),
(3672, '1217299', 17, NULL),
(3673, '12345678', 17, NULL),
(3674, '13114402', 17, NULL),
(3675, '13115249', 17, NULL),
(3676, '13115561', 17, NULL),
(3677, '13116142', 17, NULL),
(3678, '13116386', 17, NULL),
(3679, '13116483', 17, NULL),
(3680, '13116502', 17, NULL),
(3681, '13116614', 17, NULL),
(3682, '13116704', 17, NULL),
(3683, '13116839', 17, NULL),
(3684, '13117608', 17, NULL),
(3685, '13117639', 17, NULL),
(3686, '13117664', 17, NULL),
(3687, '13117779', 17, NULL),
(3688, '13117833', 17, NULL),
(3689, '14114470', 17, NULL),
(3690, '14114480', 17, NULL),
(3691, '14115869', 17, NULL),
(3692, '14115896', 17, NULL),
(3693, '14116149', 17, NULL),
(3694, '14116243', 17, NULL),
(3695, '14116519', 17, NULL),
(3696, '14116689', 17, NULL),
(3697, '14116773', 17, NULL),
(3698, '14116836', 17, NULL),
(3699, '14117349', 17, NULL),
(3700, '14117636', 17, NULL),
(3701, '14117879', 17, NULL),
(3702, '14117907', 17, NULL),
(3703, '15115073', 17, NULL),
(3704, '15115076', 17, NULL),
(3705, '15115171', 17, NULL),
(3706, '15115268', 17, NULL),
(3707, '15115398', 17, NULL),
(3708, '15115763', 17, NULL),
(3709, '15116026', 17, NULL),
(3710, '15116088', 17, NULL),
(3711, '15116270', 17, NULL),
(3712, '15116594', 17, NULL),
(3713, '15116629', 17, NULL),
(3714, '15116635', 17, NULL),
(3715, '15116638', 17, NULL),
(3716, '15116740', 17, NULL),
(3717, '15116748', 17, NULL),
(3718, '15116814', 17, NULL),
(3719, '15116899', 17, NULL),
(3720, '15117248', 17, NULL),
(3721, '16114858', 17, NULL),
(3722, '16115371', 17, NULL),
(3723, '16115483', 17, NULL),
(3724, '16115525', 17, NULL),
(3725, '16115768', 17, NULL),
(3726, '16115775', 17, NULL),
(3727, '16115777', 17, NULL),
(3728, '16115885', 17, NULL),
(3729, '16116013', 17, NULL),
(3730, '16116062', 17, NULL),
(3731, '16116165', 17, NULL),
(3732, '16116363', 17, NULL),
(3733, '16116453', 17, NULL),
(3734, '16116544', 17, NULL),
(3735, '16116564', 17, NULL),
(3736, '16116611', 17, NULL),
(3737, '16116775', 17, NULL),
(3738, '16116913', 17, NULL),
(3739, '16117437', 17, NULL),
(3740, '16117610', 17, NULL),
(3741, '16117917', 17, NULL),
(3742, '17114148', 17, NULL),
(3743, '17114221', 17, NULL),
(3744, '17114930', 17, NULL),
(3745, '17115831', 17, NULL),
(3746, '17116122', 17, NULL),
(3747, '17116158', 17, NULL),
(3748, '17116234', 17, NULL),
(3749, '17116594', 17, NULL),
(3750, '17116755', 17, NULL),
(3751, '17116921', 17, NULL),
(3752, '17116932', 17, NULL),
(3753, '17116987', 17, NULL),
(3754, '18114770', 17, NULL),
(3755, '18116219', 17, NULL),
(3756, '18116250', 17, NULL),
(3757, '18116261', 17, NULL),
(3758, '18116320', 17, NULL),
(3759, '1A114641', 17, NULL),
(3760, '1C114525', 17, NULL),
(3761, '20116212', 17, NULL),
(3762, '21116431', 17, NULL),
(3763, '21117625', 17, NULL),
(3764, '23114739', 17, NULL),
(3765, '23115487', 17, NULL),
(3766, '23117102', 17, NULL),
(3767, '25117307', 17, NULL),
(3768, '26115874', 17, NULL),
(3769, '27114077', 17, NULL),
(3770, '28114170', 17, NULL),
(3882, '10115042', 30, NULL),
(3883, '10115140', 30, NULL),
(3884, '10115148', 30, NULL),
(3885, '10116002', 30, NULL),
(3889, '10116676', 30, NULL),
(3893, '10116894', 30, NULL),
(3899, '11115447', 30, NULL),
(3900, '11115533', 30, NULL),
(3903, '11115864', 30, NULL),
(3904, '11116007', 30, NULL),
(3906, '11116528', 30, NULL),
(3907, '11116532', 30, NULL),
(3908, '11116550', 30, NULL),
(3910, '11116643', 30, NULL),
(3911, '11116783', 30, NULL),
(3912, '11116920', 30, NULL),
(3916, '12114537', 30, NULL),
(3918, '12115465', 30, NULL),
(3919, '12115963', 30, NULL),
(3920, '12116105', 30, NULL),
(3921, '12116429', 30, NULL),
(3923, '12116491', 30, NULL),
(3930, '13115249', 30, NULL),
(3931, '13115561', 30, NULL),
(3932, '13116142', 30, NULL),
(3935, '13116502', 30, NULL),
(3944, '14114470', 30, NULL),
(3945, '14114480', 30, NULL),
(3946, '14115869', 30, NULL),
(3947, '14115896', 30, NULL),
(3949, '14116243', 30, NULL),
(3961, '15115268', 30, NULL),
(3962, '15115398', 30, NULL),
(3963, '15115763', 30, NULL),
(3966, '15116270', 30, NULL),
(3967, '15116594', 30, NULL),
(3968, '15116629', 30, NULL),
(3969, '15116635', 30, NULL),
(3970, '15116638', 30, NULL),
(3974, '15116899', 30, NULL),
(3976, '16114858', 30, NULL),
(3977, '16115371', 30, NULL),
(3978, '16115483', 30, NULL),
(3980, '16115768', 30, NULL),
(3982, '16115777', 30, NULL),
(3983, '16115885', 30, NULL),
(3984, '16116013', 30, NULL),
(3985, '16116062', 30, NULL),
(3986, '16116165', 30, NULL),
(3987, '16116363', 30, NULL),
(3990, '16116564', 30, NULL),
(3991, '16116611', 30, NULL),
(3992, '16116775', 30, NULL),
(3997, '17114148', 30, NULL),
(4000, '17115831', 30, NULL),
(4001, '17116122', 30, NULL),
(4004, '17116594', 30, NULL),
(4005, '17116755', 30, NULL),
(4006, '17116921', 30, NULL),
(4009, '18114770', 30, NULL),
(4010, '18116219', 30, NULL),
(4011, '18116250', 30, NULL),
(4014, '1A114641', 30, NULL),
(4015, '1C114525', 30, NULL),
(4016, '20116212', 30, NULL),
(4017, '21116431', 30, NULL),
(4020, '23115487', 30, NULL),
(4023, '26115874', 30, NULL),
(4024, '27114077', 30, NULL),
(4136, '10114016', 31, NULL),
(4137, '10115042', 31, NULL),
(4138, '10115140', 31, NULL),
(4139, '10115148', 31, NULL),
(4140, '10116002', 31, NULL),
(4141, '10116079', 31, NULL),
(4142, '10116248', 31, NULL),
(4143, '10116660', 31, NULL),
(4144, '10116676', 31, NULL),
(4145, '10116865', 31, NULL),
(4146, '10116871', 31, NULL),
(4147, '10116885', 31, NULL),
(4148, '10116894', 31, NULL),
(4149, '10117010', 31, NULL),
(4150, '10117189', 31, NULL),
(4151, '10117386', 31, NULL),
(4152, '10117942', 31, NULL),
(4153, '11115294', 31, NULL),
(4154, '11115447', 31, NULL),
(4155, '11115533', 31, NULL),
(4156, '11115556', 31, NULL),
(4157, '11115810', 31, NULL),
(4158, '11115864', 31, NULL),
(4159, '11116007', 31, NULL),
(4160, '11116060', 31, NULL),
(4161, '11116528', 31, NULL),
(4162, '11116532', 31, NULL),
(4163, '11116550', 31, NULL),
(4164, '11116607', 31, NULL),
(4165, '11116643', 31, NULL),
(4166, '11116783', 31, NULL),
(4167, '11116920', 31, NULL),
(4168, '11116923', 31, NULL),
(4169, '11117447', 31, NULL),
(4170, '11117597', 31, NULL),
(4171, '12114537', 31, NULL),
(4172, '12115366', 31, NULL),
(4173, '12115465', 31, NULL),
(4174, '12115963', 31, NULL),
(4175, '12116105', 31, NULL),
(4176, '12116429', 31, NULL),
(4177, '12116465', 31, NULL),
(4178, '12116491', 31, NULL),
(4179, '12116586', 31, NULL),
(4180, '12116687', 31, NULL),
(4181, '12117471', 31, NULL),
(4182, '1217299', 31, NULL),
(4183, '12345678', 31, NULL),
(4184, '13114402', 31, NULL),
(4185, '13115249', 31, NULL),
(4186, '13115561', 31, NULL),
(4187, '13116142', 31, NULL),
(4188, '13116386', 31, NULL),
(4189, '13116483', 31, NULL),
(4190, '13116502', 31, NULL),
(4191, '13116614', 31, NULL),
(4192, '13116704', 31, NULL),
(4193, '13116839', 31, NULL),
(4194, '13117608', 31, NULL),
(4195, '13117639', 31, NULL),
(4196, '13117664', 31, NULL),
(4197, '13117779', 31, NULL),
(4198, '13117833', 31, NULL),
(4199, '14114470', 31, NULL),
(4200, '14114480', 31, NULL),
(4201, '14115869', 31, NULL),
(4202, '14115896', 31, NULL),
(4203, '14116149', 31, NULL),
(4204, '14116243', 31, NULL),
(4205, '14116519', 31, NULL),
(4206, '14116689', 31, NULL),
(4207, '14116773', 31, NULL),
(4208, '14116836', 31, NULL),
(4209, '14117349', 31, NULL),
(4210, '14117636', 31, NULL),
(4211, '14117879', 31, NULL),
(4212, '14117907', 31, NULL),
(4213, '15115073', 31, NULL),
(4214, '15115076', 31, NULL),
(4215, '15115171', 31, NULL),
(4216, '15115268', 31, NULL),
(4217, '15115398', 31, NULL),
(4218, '15115763', 31, NULL),
(4219, '15116026', 31, NULL),
(4220, '15116088', 31, NULL),
(4221, '15116270', 31, NULL),
(4222, '15116594', 31, NULL),
(4223, '15116629', 31, NULL),
(4224, '15116635', 31, NULL),
(4225, '15116638', 31, NULL),
(4226, '15116740', 31, NULL),
(4227, '15116748', 31, NULL),
(4228, '15116814', 31, NULL),
(4229, '15116899', 31, NULL),
(4230, '15117248', 31, NULL),
(4231, '16114858', 31, NULL),
(4232, '16115371', 31, NULL),
(4233, '16115483', 31, NULL),
(4234, '16115525', 31, NULL),
(4235, '16115768', 31, NULL),
(4236, '16115775', 31, NULL),
(4237, '16115777', 31, NULL),
(4238, '16115885', 31, NULL),
(4239, '16116013', 31, NULL),
(4240, '16116062', 31, NULL),
(4241, '16116165', 31, NULL),
(4242, '16116363', 31, NULL),
(4243, '16116453', 31, NULL),
(4244, '16116544', 31, NULL),
(4245, '16116564', 31, NULL),
(4246, '16116611', 31, NULL),
(4247, '16116775', 31, NULL),
(4248, '16116913', 31, NULL),
(4249, '16117437', 31, NULL),
(4250, '16117610', 31, NULL),
(4251, '16117917', 31, NULL),
(4252, '17114148', 31, NULL),
(4253, '17114221', 31, NULL),
(4254, '17114930', 31, NULL),
(4255, '17115831', 31, NULL),
(4256, '17116122', 31, NULL),
(4257, '17116158', 31, NULL),
(4258, '17116234', 31, NULL),
(4259, '17116594', 31, NULL),
(4260, '17116755', 31, NULL),
(4261, '17116921', 31, NULL),
(4262, '17116932', 31, NULL),
(4263, '17116987', 31, NULL),
(4264, '18114770', 31, NULL),
(4265, '18116219', 31, NULL),
(4266, '18116250', 31, NULL),
(4267, '18116261', 31, NULL),
(4268, '18116320', 31, NULL),
(4269, '1A114641', 31, NULL),
(4270, '1C114525', 31, NULL),
(4271, '20116212', 31, NULL),
(4272, '21116431', 31, NULL),
(4273, '21117625', 31, NULL),
(4274, '23114739', 31, NULL),
(4275, '23115487', 31, NULL),
(4276, '23117102', 31, NULL),
(4277, '25117307', 31, NULL),
(4278, '26115874', 31, NULL),
(4279, '27114077', 31, NULL),
(4280, '28114170', 31, NULL),
(4391, '10114016', 32, NULL),
(4392, '10115042', 32, NULL),
(4393, '10115140', 32, NULL),
(4394, '10115148', 32, NULL),
(4395, '10116002', 32, NULL),
(4396, '10116079', 32, NULL),
(4397, '10116248', 32, NULL),
(4398, '10116660', 32, NULL),
(4399, '10116676', 32, NULL),
(4400, '10116865', 32, NULL),
(4401, '10116871', 32, NULL),
(4402, '10116885', 32, NULL),
(4403, '10116894', 32, NULL),
(4404, '10117010', 32, NULL),
(4405, '10117189', 32, NULL),
(4406, '10117386', 32, NULL),
(4407, '10117942', 32, NULL),
(4408, '11115294', 32, NULL),
(4409, '11115447', 32, NULL),
(4410, '11115533', 32, NULL),
(4411, '11115556', 32, NULL),
(4412, '11115810', 32, NULL),
(4413, '11115864', 32, NULL),
(4414, '11116007', 32, NULL),
(4415, '11116060', 32, NULL),
(4416, '11116528', 32, NULL),
(4417, '11116532', 32, NULL),
(4418, '11116550', 32, NULL),
(4419, '11116607', 32, NULL),
(4420, '11116643', 32, NULL),
(4421, '11116783', 32, NULL),
(4422, '11116920', 32, NULL),
(4423, '11116923', 32, NULL),
(4424, '11117447', 32, NULL),
(4425, '11117597', 32, NULL),
(4426, '12114537', 32, NULL),
(4427, '12115366', 32, NULL),
(4428, '12115465', 32, NULL),
(4429, '12115963', 32, NULL),
(4430, '12116105', 32, NULL),
(4431, '12116429', 32, NULL),
(4432, '12116465', 32, NULL),
(4433, '12116491', 32, NULL),
(4434, '12116586', 32, NULL),
(4435, '12116687', 32, NULL),
(4436, '12117471', 32, NULL),
(4437, '1217299', 32, NULL),
(4438, '12345678', 32, NULL),
(4439, '13114402', 32, NULL),
(4440, '13115249', 32, NULL),
(4441, '13115561', 32, NULL),
(4442, '13116142', 32, NULL),
(4443, '13116386', 32, NULL),
(4444, '13116483', 32, NULL),
(4445, '13116502', 32, NULL),
(4446, '13116614', 32, NULL),
(4447, '13116704', 32, NULL),
(4448, '13116839', 32, NULL),
(4449, '13117608', 32, NULL),
(4450, '13117639', 32, NULL),
(4451, '13117664', 32, NULL),
(4452, '13117779', 32, NULL),
(4453, '13117833', 32, NULL),
(4454, '14114470', 32, NULL),
(4455, '14114480', 32, NULL),
(4456, '14115869', 32, NULL),
(4457, '14115896', 32, NULL),
(4458, '14116149', 32, NULL),
(4459, '14116243', 32, NULL),
(4460, '14116519', 32, NULL),
(4461, '14116689', 32, NULL),
(4462, '14116773', 32, NULL),
(4463, '14116836', 32, NULL),
(4464, '14117349', 32, NULL),
(4465, '14117636', 32, NULL),
(4466, '14117879', 32, NULL),
(4467, '14117907', 32, NULL),
(4468, '15115073', 32, NULL),
(4469, '15115076', 32, NULL),
(4470, '15115171', 32, NULL),
(4471, '15115268', 32, NULL),
(4472, '15115398', 32, NULL),
(4473, '15115763', 32, NULL),
(4474, '15116026', 32, NULL),
(4475, '15116088', 32, NULL),
(4476, '15116270', 32, NULL),
(4477, '15116594', 32, NULL),
(4478, '15116629', 32, NULL),
(4479, '15116635', 32, NULL),
(4480, '15116638', 32, NULL),
(4481, '15116740', 32, NULL),
(4482, '15116748', 32, NULL),
(4483, '15116814', 32, NULL),
(4484, '15116899', 32, NULL),
(4485, '15117248', 32, NULL),
(4486, '16114858', 32, NULL),
(4487, '16115371', 32, NULL),
(4488, '16115483', 32, NULL),
(4489, '16115525', 32, NULL),
(4490, '16115768', 32, NULL),
(4491, '16115775', 32, NULL),
(4492, '16115777', 32, NULL),
(4493, '16115885', 32, NULL),
(4494, '16116013', 32, NULL),
(4495, '16116062', 32, NULL),
(4496, '16116165', 32, NULL),
(4497, '16116363', 32, NULL),
(4498, '16116453', 32, NULL),
(4499, '16116544', 32, NULL),
(4500, '16116564', 32, NULL),
(4501, '16116611', 32, NULL),
(4502, '16116775', 32, NULL),
(4503, '16116913', 32, NULL),
(4504, '16117437', 32, NULL),
(4505, '16117610', 32, NULL),
(4506, '16117917', 32, NULL),
(4507, '17114148', 32, NULL),
(4508, '17114221', 32, NULL),
(4509, '17114930', 32, NULL),
(4510, '17115831', 32, NULL),
(4511, '17116122', 32, NULL),
(4512, '17116158', 32, NULL),
(4513, '17116234', 32, NULL),
(4514, '17116594', 32, NULL),
(4515, '17116755', 32, NULL),
(4516, '17116921', 32, NULL),
(4517, '17116932', 32, NULL),
(4518, '17116987', 32, NULL),
(4519, '18114770', 32, NULL),
(4520, '18116219', 32, NULL),
(4521, '18116250', 32, NULL),
(4522, '18116261', 32, NULL),
(4523, '18116320', 32, NULL),
(4524, '1A114641', 32, NULL),
(4525, '1C114525', 32, NULL),
(4526, '20116212', 32, NULL),
(4527, '21116431', 32, NULL),
(4528, '21117625', 32, NULL),
(4529, '23114739', 32, NULL),
(4530, '23115487', 32, NULL),
(4531, '23117102', 32, NULL),
(4532, '25117307', 32, NULL),
(4533, '26115874', 32, NULL),
(4534, '27114077', 32, NULL),
(4535, '28114170', 32, NULL),
(4646, '10116248', 30, 'Pengurus'),
(4647, '10114016', 33, NULL),
(4648, '10115042', 33, NULL),
(4649, '10115140', 33, NULL),
(4650, '10115148', 33, NULL),
(4651, '10116002', 33, NULL),
(4652, '10116079', 33, NULL),
(4653, '10116248', 33, NULL),
(4654, '10116660', 33, NULL),
(4655, '10116676', 33, NULL),
(4656, '10116865', 33, NULL),
(4657, '10116871', 33, NULL),
(4658, '10116885', 33, NULL),
(4659, '10116894', 33, NULL),
(4660, '10117010', 33, NULL),
(4661, '10117189', 33, NULL),
(4662, '10117386', 33, NULL),
(4663, '10117942', 33, NULL),
(4664, '11115294', 33, NULL),
(4665, '11115447', 33, NULL),
(4666, '11115533', 33, NULL),
(4667, '11115556', 33, NULL),
(4668, '11115810', 33, NULL),
(4669, '11115864', 33, NULL),
(4670, '11116007', 33, NULL),
(4671, '11116060', 33, NULL),
(4672, '11116528', 33, NULL),
(4673, '11116532', 33, NULL),
(4674, '11116550', 33, NULL),
(4675, '11116607', 33, NULL),
(4676, '11116643', 33, NULL),
(4677, '11116783', 33, NULL),
(4678, '11116920', 33, NULL),
(4679, '11116923', 33, NULL),
(4680, '11117447', 33, NULL),
(4681, '11117597', 33, NULL),
(4682, '12114537', 33, NULL),
(4683, '12115366', 33, NULL),
(4684, '12115465', 33, NULL),
(4685, '12115963', 33, NULL),
(4686, '12116105', 33, NULL),
(4687, '12116429', 33, NULL),
(4688, '12116465', 33, NULL),
(4689, '12116491', 33, NULL),
(4690, '12116586', 33, NULL),
(4691, '12116687', 33, NULL),
(4692, '12117471', 33, NULL),
(4693, '1217299', 33, NULL),
(4694, '12345678', 33, NULL),
(4695, '13114402', 33, NULL),
(4696, '13115249', 33, NULL),
(4697, '13115561', 33, NULL),
(4698, '13116142', 33, NULL),
(4699, '13116386', 33, NULL),
(4700, '13116483', 33, NULL),
(4701, '13116502', 33, NULL),
(4702, '13116614', 33, NULL),
(4703, '13116704', 33, NULL),
(4704, '13116839', 33, NULL),
(4705, '13117608', 33, NULL),
(4706, '13117639', 33, NULL),
(4707, '13117664', 33, NULL),
(4708, '13117779', 33, NULL),
(4709, '13117833', 33, NULL),
(4710, '14114470', 33, NULL),
(4711, '14114480', 33, NULL),
(4712, '14115869', 33, NULL),
(4713, '14115896', 33, NULL),
(4714, '14116149', 33, NULL),
(4715, '14116243', 33, NULL),
(4716, '14116519', 33, NULL),
(4717, '14116689', 33, NULL),
(4718, '14116773', 33, NULL),
(4719, '14116836', 33, NULL),
(4720, '14117349', 33, NULL),
(4721, '14117636', 33, NULL),
(4722, '14117879', 33, NULL),
(4723, '14117907', 33, NULL),
(4724, '15115073', 33, NULL),
(4725, '15115076', 33, NULL),
(4726, '15115171', 33, NULL),
(4727, '15115268', 33, NULL),
(4728, '15115398', 33, NULL),
(4729, '15115763', 33, NULL),
(4730, '15116026', 33, NULL),
(4731, '15116088', 33, NULL),
(4732, '15116270', 33, NULL),
(4733, '15116594', 33, NULL),
(4734, '15116629', 33, NULL),
(4735, '15116635', 33, NULL),
(4736, '15116638', 33, NULL),
(4737, '15116740', 33, NULL),
(4738, '15116748', 33, NULL),
(4739, '15116814', 33, NULL),
(4740, '15116899', 33, NULL),
(4741, '15117248', 33, NULL),
(4742, '16114858', 33, NULL),
(4743, '16115371', 33, NULL),
(4744, '16115483', 33, NULL),
(4745, '16115525', 33, NULL),
(4746, '16115768', 33, NULL),
(4747, '16115775', 33, NULL),
(4748, '16115777', 33, NULL),
(4749, '16115885', 33, NULL),
(4750, '16116013', 33, NULL),
(4751, '16116062', 33, NULL),
(4752, '16116165', 33, NULL),
(4753, '16116363', 33, NULL),
(4754, '16116453', 33, NULL),
(4755, '16116544', 33, NULL),
(4756, '16116564', 33, NULL),
(4757, '16116611', 33, NULL),
(4758, '16116775', 33, NULL),
(4759, '16116913', 33, NULL),
(4760, '16117437', 33, NULL),
(4761, '16117610', 33, NULL),
(4762, '16117917', 33, NULL),
(4763, '17114148', 33, NULL),
(4764, '17114221', 33, NULL),
(4765, '17114930', 33, NULL),
(4766, '17115831', 33, NULL),
(4767, '17116122', 33, NULL),
(4768, '17116158', 33, NULL),
(4769, '17116234', 33, NULL),
(4770, '17116594', 33, NULL),
(4771, '17116755', 33, NULL),
(4772, '17116921', 33, NULL),
(4773, '17116932', 33, NULL),
(4774, '17116987', 33, NULL),
(4775, '18114770', 33, NULL),
(4776, '18116219', 33, NULL),
(4777, '18116250', 33, NULL),
(4778, '18116261', 33, NULL),
(4779, '18116320', 33, NULL),
(4780, '1A114641', 33, NULL),
(4781, '1C114525', 33, NULL),
(4782, '20116212', 33, NULL),
(4783, '21116431', 33, NULL),
(4784, '21117625', 33, NULL),
(4785, '23114739', 33, NULL),
(4786, '23115487', 33, NULL),
(4787, '23117102', 33, NULL),
(4788, '25117307', 33, NULL),
(4789, '26115874', 33, NULL),
(4790, '27114077', 33, NULL),
(4791, '28114170', 33, NULL),
(4902, '10114016', 34, NULL),
(4903, '10115042', 34, NULL),
(4904, '10115140', 34, NULL),
(4905, '10115148', 34, NULL),
(4906, '10116002', 34, NULL),
(4907, '10116079', 34, NULL),
(4908, '10116248', 34, NULL),
(4909, '10116660', 34, NULL),
(4910, '10116676', 34, NULL),
(4911, '10116865', 34, NULL),
(4912, '10116871', 34, NULL),
(4913, '10116885', 34, NULL),
(4914, '10116894', 34, NULL),
(4915, '10117010', 34, NULL),
(4916, '10117189', 34, NULL),
(4917, '10117386', 34, NULL),
(4918, '10117942', 34, NULL),
(4919, '11115294', 34, NULL),
(4920, '11115447', 34, NULL),
(4921, '11115533', 34, NULL),
(4922, '11115556', 34, NULL),
(4923, '11115810', 34, NULL),
(4924, '11115864', 34, NULL),
(4925, '11116007', 34, NULL),
(4926, '11116060', 34, NULL),
(4927, '11116528', 34, NULL),
(4928, '11116532', 34, NULL),
(4929, '11116550', 34, NULL),
(4930, '11116607', 34, NULL),
(4931, '11116643', 34, NULL),
(4932, '11116783', 34, NULL),
(4933, '11116920', 34, NULL),
(4934, '11116923', 34, NULL),
(4935, '11117447', 34, NULL),
(4936, '11117597', 34, NULL),
(4937, '12114537', 34, NULL),
(4938, '12115366', 34, NULL),
(4939, '12115465', 34, NULL),
(4940, '12115963', 34, NULL),
(4941, '12116105', 34, NULL),
(4942, '12116429', 34, NULL),
(4943, '12116465', 34, NULL),
(4944, '12116491', 34, NULL),
(4945, '12116586', 34, NULL),
(4946, '12116687', 34, NULL),
(4947, '12117471', 34, NULL),
(4948, '1217299', 34, NULL),
(4949, '12345678', 34, NULL),
(4950, '13114402', 34, NULL),
(4951, '13115249', 34, NULL),
(4952, '13115561', 34, NULL),
(4953, '13116142', 34, NULL),
(4954, '13116386', 34, NULL),
(4955, '13116483', 34, NULL),
(4956, '13116502', 34, NULL),
(4957, '13116614', 34, NULL),
(4958, '13116704', 34, NULL),
(4959, '13116839', 34, NULL),
(4960, '13117608', 34, NULL),
(4961, '13117639', 34, NULL),
(4962, '13117664', 34, NULL),
(4963, '13117779', 34, NULL),
(4964, '13117833', 34, NULL),
(4965, '14114470', 34, NULL),
(4966, '14114480', 34, NULL),
(4967, '14115869', 34, NULL),
(4968, '14115896', 34, NULL),
(4969, '14116149', 34, NULL),
(4970, '14116243', 34, NULL),
(4971, '14116519', 34, NULL),
(4972, '14116689', 34, NULL),
(4973, '14116773', 34, NULL),
(4974, '14116836', 34, NULL),
(4975, '14117349', 34, NULL),
(4976, '14117636', 34, NULL),
(4977, '14117879', 34, NULL),
(4978, '14117907', 34, NULL),
(4979, '15115073', 34, NULL),
(4980, '15115076', 34, NULL),
(4981, '15115171', 34, NULL),
(4982, '15115268', 34, NULL),
(4983, '15115398', 34, NULL),
(4984, '15115763', 34, NULL),
(4985, '15116026', 34, NULL),
(4986, '15116088', 34, NULL),
(4987, '15116270', 34, NULL),
(4988, '15116594', 34, NULL),
(4989, '15116629', 34, NULL),
(4990, '15116635', 34, NULL),
(4991, '15116638', 34, NULL),
(4992, '15116740', 34, NULL),
(4993, '15116748', 34, NULL),
(4994, '15116814', 34, NULL),
(4995, '15116899', 34, NULL),
(4996, '15117248', 34, NULL),
(4997, '16114858', 34, NULL),
(4998, '16115371', 34, NULL),
(4999, '16115483', 34, NULL),
(5000, '16115525', 34, NULL),
(5001, '16115768', 34, NULL),
(5002, '16115775', 34, NULL),
(5003, '16115777', 34, NULL),
(5004, '16115885', 34, NULL),
(5005, '16116013', 34, NULL),
(5006, '16116062', 34, NULL),
(5007, '16116165', 34, NULL),
(5008, '16116363', 34, NULL),
(5009, '16116453', 34, NULL),
(5010, '16116544', 34, NULL),
(5011, '16116564', 34, NULL),
(5012, '16116611', 34, NULL),
(5013, '16116775', 34, NULL),
(5014, '16116913', 34, NULL),
(5015, '16117437', 34, NULL),
(5016, '16117610', 34, NULL),
(5017, '16117917', 34, NULL),
(5018, '17114148', 34, NULL),
(5019, '17114221', 34, NULL),
(5020, '17114930', 34, NULL),
(5021, '17115831', 34, NULL),
(5022, '17116122', 34, NULL),
(5023, '17116158', 34, NULL),
(5024, '17116234', 34, NULL),
(5025, '17116594', 34, NULL),
(5026, '17116755', 34, NULL),
(5027, '17116921', 34, NULL),
(5028, '17116932', 34, NULL),
(5029, '17116987', 34, NULL),
(5030, '18114770', 34, NULL),
(5031, '18116219', 34, NULL),
(5032, '18116250', 34, NULL),
(5033, '18116261', 34, NULL),
(5034, '18116320', 34, NULL),
(5035, '1A114641', 34, NULL),
(5036, '1C114525', 34, NULL),
(5037, '20116212', 34, NULL),
(5038, '21116431', 34, NULL),
(5039, '21117625', 34, NULL),
(5040, '23114739', 34, NULL),
(5041, '23115487', 34, NULL),
(5042, '23117102', 34, NULL),
(5043, '25117307', 34, NULL),
(5044, '26115874', 34, NULL),
(5045, '27114077', 34, NULL),
(5046, '28114170', 34, NULL),
(5157, '12116640', 10, 'Volunteer'),
(5158, '15116667', 10, 'Volunteer'),
(5159, '12116640', 30, 'Pengurus'),
(5160, '15116667', 10, 'Volunteer'),
(5161, '10116603', 10, 'Volunteer'),
(5162, '15116667', 30, 'Pengurus'),
(5163, '10116603', 30, 'Pengurus'),
(5164, '11115619', 10, 'Volunteer'),
(5420, '10114016', 16, NULL),
(5421, '10115042', 16, NULL),
(5422, '10115140', 16, NULL),
(5423, '10115148', 16, NULL),
(5424, '10116002', 16, NULL),
(5425, '10116079', 16, NULL),
(5426, '10116248', 16, NULL),
(5427, '10116603', 16, NULL),
(5428, '10116660', 16, NULL),
(5429, '10116676', 16, NULL),
(5430, '10116865', 16, NULL),
(5431, '10116871', 16, NULL),
(5432, '10116885', 16, NULL),
(5433, '10116894', 16, NULL),
(5434, '10117010', 16, NULL),
(5435, '10117189', 16, NULL),
(5436, '10117386', 16, NULL),
(5437, '10117942', 16, NULL),
(5438, '11115294', 16, NULL),
(5439, '11115447', 16, NULL),
(5440, '11115533', 16, NULL),
(5441, '11115556', 16, NULL),
(5442, '11115619', 16, NULL),
(5443, '11115810', 16, NULL),
(5444, '11115864', 16, NULL),
(5445, '11116007', 16, NULL),
(5446, '11116060', 16, NULL),
(5447, '11116528', 16, NULL),
(5448, '11116532', 16, NULL),
(5449, '11116550', 16, NULL),
(5450, '11116607', 16, NULL),
(5451, '11116643', 16, NULL),
(5452, '11116783', 16, NULL),
(5453, '11116920', 16, NULL),
(5454, '11116923', 16, NULL),
(5455, '11117447', 16, NULL),
(5456, '11117597', 16, NULL),
(5457, '12114537', 16, NULL),
(5458, '12115366', 16, NULL),
(5459, '12115465', 16, NULL),
(5460, '12115963', 16, NULL),
(5461, '12116105', 16, NULL),
(5462, '12116429', 16, NULL),
(5463, '12116465', 16, NULL),
(5464, '12116491', 16, NULL),
(5465, '12116586', 16, NULL),
(5466, '12116640', 16, NULL),
(5467, '12116687', 16, NULL),
(5468, '12117471', 16, NULL),
(5469, '1217299', 16, NULL),
(5470, '12345678', 16, NULL),
(5471, '13114402', 16, NULL),
(5472, '13115249', 16, NULL),
(5473, '13115561', 16, NULL),
(5474, '13116142', 16, NULL),
(5475, '13116386', 16, NULL),
(5476, '13116483', 16, NULL),
(5477, '13116502', 16, NULL),
(5478, '13116614', 16, NULL),
(5479, '13116704', 16, NULL),
(5480, '13116839', 16, NULL),
(5481, '13117608', 16, NULL),
(5482, '13117639', 16, NULL),
(5483, '13117664', 16, NULL),
(5484, '13117779', 16, NULL),
(5485, '13117833', 16, NULL),
(5486, '14114470', 16, NULL),
(5487, '14114480', 16, NULL),
(5488, '14115869', 16, NULL),
(5489, '14115896', 16, NULL),
(5490, '14116149', 16, NULL),
(5491, '14116243', 16, NULL),
(5492, '14116519', 16, NULL),
(5493, '14116689', 16, NULL),
(5494, '14116773', 16, NULL),
(5495, '14116836', 16, NULL),
(5496, '14117349', 16, NULL),
(5497, '14117636', 16, NULL),
(5498, '14117879', 16, NULL),
(5499, '14117907', 16, NULL),
(5500, '15115073', 16, NULL),
(5501, '15115076', 16, NULL),
(5502, '15115171', 16, NULL),
(5503, '15115268', 16, NULL),
(5504, '15115398', 16, NULL),
(5505, '15115763', 16, NULL),
(5506, '15116026', 16, NULL),
(5507, '15116088', 16, NULL),
(5508, '15116270', 16, NULL),
(5509, '15116594', 16, NULL),
(5510, '15116629', 16, NULL),
(5511, '15116635', 16, NULL),
(5512, '15116638', 16, NULL),
(5513, '15116667', 16, NULL),
(5514, '15116740', 16, NULL),
(5515, '15116748', 16, NULL),
(5516, '15116814', 16, NULL),
(5517, '15116899', 16, NULL),
(5518, '15117248', 16, NULL),
(5519, '16114858', 16, NULL),
(5520, '16115371', 16, NULL),
(5521, '16115483', 16, NULL),
(5522, '16115525', 16, NULL),
(5523, '16115768', 16, NULL),
(5524, '16115775', 16, NULL),
(5525, '16115777', 16, NULL),
(5526, '16115885', 16, NULL),
(5527, '16116013', 16, NULL),
(5528, '16116062', 16, NULL),
(5529, '16116165', 16, NULL),
(5530, '16116363', 16, NULL),
(5531, '16116453', 16, NULL),
(5532, '16116544', 16, NULL),
(5533, '16116564', 16, NULL),
(5534, '16116611', 16, NULL),
(5535, '16116775', 16, NULL),
(5536, '16116913', 16, NULL),
(5537, '16117437', 16, NULL),
(5538, '16117610', 16, NULL),
(5539, '16117917', 16, NULL),
(5540, '17114148', 16, NULL),
(5541, '17114221', 16, NULL),
(5542, '17114930', 16, NULL),
(5543, '17115831', 16, NULL),
(5544, '17116122', 16, NULL),
(5545, '17116158', 16, NULL),
(5546, '17116234', 16, NULL),
(5547, '17116594', 16, NULL),
(5548, '17116755', 16, NULL),
(5549, '17116921', 16, NULL),
(5550, '17116932', 16, NULL),
(5551, '17116987', 16, NULL),
(5552, '18114770', 16, NULL),
(5553, '18116219', 16, NULL),
(5554, '18116250', 16, NULL),
(5555, '18116261', 16, NULL),
(5556, '18116320', 16, NULL),
(5557, '1A114641', 16, NULL),
(5558, '1C114525', 16, NULL),
(5559, '20116212', 16, NULL),
(5560, '21116431', 16, NULL),
(5561, '21117625', 16, NULL),
(5562, '23114739', 16, NULL),
(5563, '23115487', 16, NULL),
(5564, '23117102', 16, NULL),
(5565, '25117307', 16, NULL),
(5566, '26115874', 16, NULL),
(5567, '27114077', 16, NULL),
(5568, '28114170', 16, NULL),
(5675, '10114016', 19, NULL),
(5676, '10115042', 19, NULL),
(5677, '10115140', 19, NULL),
(5678, '10115148', 19, NULL),
(5679, '10116002', 19, NULL),
(5680, '10116079', 19, NULL),
(5681, '10116248', 19, NULL),
(5682, '10116603', 19, NULL),
(5683, '10116660', 19, NULL),
(5684, '10116676', 19, NULL),
(5685, '10116865', 19, NULL),
(5686, '10116871', 19, NULL),
(5687, '10116885', 19, NULL),
(5688, '10116894', 19, NULL),
(5689, '10117010', 19, NULL),
(5690, '10117189', 19, NULL),
(5691, '10117386', 19, NULL),
(5692, '10117942', 19, NULL),
(5693, '11115294', 19, NULL),
(5694, '11115447', 19, NULL),
(5695, '11115533', 19, NULL),
(5696, '11115556', 19, NULL),
(5697, '11115619', 19, NULL),
(5698, '11115810', 19, NULL),
(5699, '11115864', 19, NULL),
(5700, '11116007', 19, NULL),
(5701, '11116060', 19, NULL),
(5702, '11116528', 19, NULL),
(5703, '11116532', 19, NULL),
(5704, '11116550', 19, NULL),
(5705, '11116607', 19, NULL),
(5706, '11116643', 19, NULL),
(5707, '11116783', 19, NULL),
(5708, '11116920', 19, NULL),
(5709, '11116923', 19, NULL),
(5710, '11117447', 19, NULL),
(5711, '11117597', 19, NULL),
(5712, '12114537', 19, NULL),
(5713, '12115366', 19, NULL),
(5714, '12115465', 19, NULL),
(5715, '12115963', 19, NULL),
(5716, '12116105', 19, NULL),
(5717, '12116429', 19, NULL),
(5718, '12116465', 19, NULL),
(5719, '12116491', 19, NULL),
(5720, '12116586', 19, NULL),
(5721, '12116640', 19, NULL),
(5722, '12116687', 19, NULL),
(5723, '12117471', 19, NULL),
(5724, '1217299', 19, NULL),
(5725, '12345678', 19, NULL),
(5726, '13114402', 19, NULL),
(5727, '13115249', 19, NULL),
(5728, '13115561', 19, NULL),
(5729, '13116142', 19, NULL),
(5730, '13116386', 19, NULL),
(5731, '13116483', 19, NULL),
(5732, '13116502', 19, NULL),
(5733, '13116614', 19, NULL),
(5734, '13116704', 19, NULL),
(5735, '13116839', 19, NULL),
(5736, '13117608', 19, NULL),
(5737, '13117639', 19, NULL),
(5738, '13117664', 19, NULL),
(5739, '13117779', 19, NULL),
(5740, '13117833', 19, NULL),
(5741, '14114470', 19, NULL),
(5742, '14114480', 19, NULL),
(5743, '14115869', 19, NULL),
(5744, '14115896', 19, NULL),
(5745, '14116149', 19, NULL),
(5746, '14116243', 19, NULL),
(5747, '14116519', 19, NULL),
(5748, '14116689', 19, NULL),
(5749, '14116773', 19, NULL),
(5750, '14116836', 19, NULL),
(5751, '14117349', 19, NULL),
(5752, '14117636', 19, NULL),
(5753, '14117879', 19, NULL),
(5754, '14117907', 19, NULL),
(5755, '15115073', 19, NULL),
(5756, '15115076', 19, NULL),
(5757, '15115171', 19, NULL),
(5758, '15115268', 19, NULL),
(5759, '15115398', 19, NULL),
(5760, '15115763', 19, NULL),
(5761, '15116026', 19, NULL),
(5762, '15116088', 19, NULL),
(5763, '15116270', 19, NULL),
(5764, '15116594', 19, NULL),
(5765, '15116629', 19, NULL),
(5766, '15116635', 19, NULL),
(5767, '15116638', 19, NULL),
(5768, '15116667', 19, NULL),
(5769, '15116740', 19, NULL),
(5770, '15116748', 19, NULL),
(5771, '15116814', 19, NULL),
(5772, '15116899', 19, NULL),
(5773, '15117248', 19, NULL),
(5774, '16114858', 19, NULL),
(5775, '16115371', 19, NULL),
(5776, '16115483', 19, NULL),
(5777, '16115525', 19, NULL),
(5778, '16115768', 19, NULL),
(5779, '16115775', 19, NULL),
(5780, '16115777', 19, NULL),
(5781, '16115885', 19, NULL),
(5782, '16116013', 19, NULL),
(5783, '16116062', 19, NULL),
(5784, '16116165', 19, NULL),
(5785, '16116363', 19, NULL),
(5786, '16116453', 19, NULL),
(5787, '16116544', 19, NULL),
(5788, '16116564', 19, NULL),
(5789, '16116611', 19, NULL),
(5790, '16116775', 19, NULL),
(5791, '16116913', 19, NULL),
(5792, '16117437', 19, NULL),
(5793, '16117610', 19, NULL),
(5794, '16117917', 19, NULL),
(5795, '17114148', 19, NULL),
(5796, '17114221', 19, NULL),
(5797, '17114930', 19, NULL),
(5798, '17115831', 19, NULL),
(5799, '17116122', 19, NULL),
(5800, '17116158', 19, NULL),
(5801, '17116234', 19, NULL),
(5802, '17116594', 19, NULL),
(5803, '17116755', 19, NULL),
(5804, '17116921', 19, NULL),
(5805, '17116932', 19, NULL),
(5806, '17116987', 19, NULL),
(5807, '18114770', 19, NULL),
(5808, '18116219', 19, NULL),
(5809, '18116250', 19, NULL),
(5810, '18116261', 19, NULL),
(5811, '18116320', 19, NULL),
(5812, '1A114641', 19, NULL),
(5813, '1C114525', 19, NULL),
(5814, '20116212', 19, NULL),
(5815, '21116431', 19, NULL),
(5816, '21117625', 19, NULL),
(5817, '23114739', 19, NULL),
(5818, '23115487', 19, NULL),
(5819, '23117102', 19, NULL),
(5820, '25117307', 19, NULL),
(5821, '26115874', 19, NULL),
(5822, '27114077', 19, NULL),
(5823, '28114170', 19, NULL),
(5930, '10114016', 22, NULL),
(5931, '10115042', 22, NULL),
(5932, '10115140', 22, NULL),
(5933, '10115148', 22, NULL),
(5934, '10116002', 22, NULL),
(5935, '10116079', 22, NULL),
(5936, '10116248', 22, NULL),
(5937, '10116603', 22, NULL),
(5938, '10116660', 22, NULL),
(5939, '10116676', 22, NULL),
(5940, '10116865', 22, NULL),
(5941, '10116871', 22, NULL),
(5942, '10116885', 22, NULL),
(5943, '10116894', 22, NULL),
(5944, '10117010', 22, NULL),
(5945, '10117189', 22, NULL),
(5946, '10117386', 22, NULL),
(5947, '10117942', 22, NULL),
(5948, '11115294', 22, NULL),
(5949, '11115447', 22, NULL),
(5950, '11115533', 22, NULL),
(5951, '11115556', 22, NULL),
(5952, '11115619', 22, NULL),
(5953, '11115810', 22, NULL),
(5954, '11115864', 22, NULL),
(5955, '11116007', 22, NULL),
(5956, '11116060', 22, NULL),
(5957, '11116528', 22, NULL),
(5958, '11116532', 22, NULL),
(5959, '11116550', 22, NULL),
(5960, '11116607', 22, NULL),
(5961, '11116643', 22, NULL),
(5962, '11116783', 22, NULL),
(5963, '11116920', 22, NULL),
(5964, '11116923', 22, NULL),
(5965, '11117447', 22, NULL),
(5966, '11117597', 22, NULL),
(5967, '12114537', 22, NULL),
(5968, '12115366', 22, NULL),
(5969, '12115465', 22, NULL),
(5970, '12115963', 22, NULL),
(5971, '12116105', 22, NULL),
(5972, '12116429', 22, NULL),
(5973, '12116465', 22, NULL),
(5974, '12116491', 22, NULL),
(5975, '12116586', 22, NULL),
(5976, '12116640', 22, NULL),
(5977, '12116687', 22, NULL),
(5978, '12117471', 22, NULL),
(5979, '1217299', 22, NULL),
(5980, '12345678', 22, NULL),
(5981, '13114402', 22, NULL),
(5982, '13115249', 22, NULL),
(5983, '13115561', 22, NULL),
(5984, '13116142', 22, NULL),
(5985, '13116386', 22, NULL),
(5986, '13116483', 22, NULL),
(5987, '13116502', 22, NULL),
(5988, '13116614', 22, NULL),
(5989, '13116704', 22, NULL),
(5990, '13116839', 22, NULL),
(5991, '13117608', 22, NULL),
(5992, '13117639', 22, NULL),
(5993, '13117664', 22, NULL),
(5994, '13117779', 22, NULL),
(5995, '13117833', 22, NULL),
(5996, '14114470', 22, NULL),
(5997, '14114480', 22, NULL),
(5998, '14115869', 22, NULL),
(5999, '14115896', 22, NULL),
(6000, '14116149', 22, NULL),
(6001, '14116243', 22, NULL),
(6002, '14116519', 22, NULL),
(6003, '14116689', 22, NULL),
(6004, '14116773', 22, NULL),
(6005, '14116836', 22, NULL),
(6006, '14117349', 22, NULL),
(6007, '14117636', 22, NULL),
(6008, '14117879', 22, NULL),
(6009, '14117907', 22, NULL),
(6010, '15115073', 22, NULL),
(6011, '15115076', 22, NULL),
(6012, '15115171', 22, NULL),
(6013, '15115268', 22, NULL),
(6014, '15115398', 22, NULL),
(6015, '15115763', 22, NULL),
(6016, '15116026', 22, NULL),
(6017, '15116088', 22, NULL),
(6018, '15116270', 22, NULL),
(6019, '15116594', 22, NULL),
(6020, '15116629', 22, NULL),
(6021, '15116635', 22, NULL),
(6022, '15116638', 22, NULL),
(6023, '15116667', 22, NULL),
(6024, '15116740', 22, NULL),
(6025, '15116748', 22, NULL),
(6026, '15116814', 22, NULL),
(6027, '15116899', 22, NULL),
(6028, '15117248', 22, NULL),
(6029, '16114858', 22, NULL),
(6030, '16115371', 22, NULL),
(6031, '16115483', 22, NULL),
(6032, '16115525', 22, NULL),
(6033, '16115768', 22, NULL),
(6034, '16115775', 22, NULL),
(6035, '16115777', 22, NULL),
(6036, '16115885', 22, NULL),
(6037, '16116013', 22, NULL),
(6038, '16116062', 22, NULL),
(6039, '16116165', 22, NULL),
(6040, '16116363', 22, NULL),
(6041, '16116453', 22, NULL),
(6042, '16116544', 22, NULL),
(6043, '16116564', 22, NULL),
(6044, '16116611', 22, NULL),
(6045, '16116775', 22, NULL),
(6046, '16116913', 22, NULL),
(6047, '16117437', 22, NULL),
(6048, '16117610', 22, NULL),
(6049, '16117917', 22, NULL),
(6050, '17114148', 22, NULL),
(6051, '17114221', 22, NULL),
(6052, '17114930', 22, NULL),
(6053, '17115831', 22, NULL),
(6054, '17116122', 22, NULL),
(6055, '17116158', 22, NULL),
(6056, '17116234', 22, NULL),
(6057, '17116594', 22, NULL),
(6058, '17116755', 22, NULL),
(6059, '17116921', 22, NULL),
(6060, '17116932', 22, NULL),
(6061, '17116987', 22, NULL),
(6062, '18114770', 22, NULL),
(6063, '18116219', 22, NULL),
(6064, '18116250', 22, NULL),
(6065, '18116261', 22, NULL),
(6066, '18116320', 22, NULL),
(6067, '1A114641', 22, NULL),
(6068, '1C114525', 22, NULL),
(6069, '20116212', 22, NULL),
(6070, '21116431', 22, NULL),
(6071, '21117625', 22, NULL),
(6072, '23114739', 22, NULL),
(6073, '23115487', 22, NULL),
(6074, '23117102', 22, NULL),
(6075, '25117307', 22, NULL),
(6076, '26115874', 22, NULL),
(6077, '27114077', 22, NULL),
(6078, '28114170', 22, NULL);
INSERT INTO `kepanitiaan` (`id_kepanitiaan`, `npm`, `id_kegiatan`, `jabatan_panitia`) VALUES
(6185, '10114016', 23, NULL),
(6186, '10115042', 23, NULL),
(6187, '10115140', 23, NULL),
(6188, '10115148', 23, NULL),
(6189, '10116002', 23, NULL),
(6190, '10116079', 23, NULL),
(6191, '10116248', 23, NULL),
(6192, '10116603', 23, NULL),
(6193, '10116660', 23, NULL),
(6194, '10116676', 23, NULL),
(6195, '10116865', 23, NULL),
(6196, '10116871', 23, NULL),
(6197, '10116885', 23, NULL),
(6198, '10116894', 23, NULL),
(6199, '10117010', 23, NULL),
(6200, '10117189', 23, NULL),
(6201, '10117386', 23, NULL),
(6202, '10117942', 23, NULL),
(6203, '11115294', 23, NULL),
(6204, '11115447', 23, NULL),
(6205, '11115533', 23, NULL),
(6206, '11115556', 23, NULL),
(6207, '11115619', 23, NULL),
(6208, '11115810', 23, NULL),
(6209, '11115864', 23, NULL),
(6210, '11116007', 23, NULL),
(6211, '11116060', 23, NULL),
(6212, '11116528', 23, NULL),
(6213, '11116532', 23, NULL),
(6214, '11116550', 23, NULL),
(6215, '11116607', 23, NULL),
(6216, '11116643', 23, NULL),
(6217, '11116783', 23, NULL),
(6218, '11116920', 23, NULL),
(6219, '11116923', 23, NULL),
(6220, '11117447', 23, NULL),
(6221, '11117597', 23, NULL),
(6222, '12114537', 23, NULL),
(6223, '12115366', 23, NULL),
(6224, '12115465', 23, NULL),
(6225, '12115963', 23, NULL),
(6226, '12116105', 23, NULL),
(6227, '12116429', 23, NULL),
(6228, '12116465', 23, NULL),
(6229, '12116491', 23, NULL),
(6230, '12116586', 23, NULL),
(6231, '12116640', 23, NULL),
(6232, '12116687', 23, NULL),
(6233, '12117471', 23, NULL),
(6234, '1217299', 23, NULL),
(6235, '12345678', 23, NULL),
(6236, '13114402', 23, NULL),
(6237, '13115249', 23, NULL),
(6238, '13115561', 23, NULL),
(6239, '13116142', 23, NULL),
(6240, '13116386', 23, NULL),
(6241, '13116483', 23, NULL),
(6242, '13116502', 23, NULL),
(6243, '13116614', 23, NULL),
(6244, '13116704', 23, NULL),
(6245, '13116839', 23, NULL),
(6246, '13117608', 23, NULL),
(6247, '13117639', 23, NULL),
(6248, '13117664', 23, NULL),
(6249, '13117779', 23, NULL),
(6250, '13117833', 23, NULL),
(6251, '14114470', 23, NULL),
(6252, '14114480', 23, NULL),
(6253, '14115869', 23, NULL),
(6254, '14115896', 23, NULL),
(6255, '14116149', 23, NULL),
(6256, '14116243', 23, NULL),
(6257, '14116519', 23, NULL),
(6258, '14116689', 23, NULL),
(6259, '14116773', 23, NULL),
(6260, '14116836', 23, NULL),
(6261, '14117349', 23, NULL),
(6262, '14117636', 23, NULL),
(6263, '14117879', 23, NULL),
(6264, '14117907', 23, NULL),
(6265, '15115073', 23, NULL),
(6266, '15115076', 23, NULL),
(6267, '15115171', 23, NULL),
(6268, '15115268', 23, NULL),
(6269, '15115398', 23, NULL),
(6270, '15115763', 23, NULL),
(6271, '15116026', 23, NULL),
(6272, '15116088', 23, NULL),
(6273, '15116270', 23, NULL),
(6274, '15116594', 23, NULL),
(6275, '15116629', 23, NULL),
(6276, '15116635', 23, NULL),
(6277, '15116638', 23, NULL),
(6278, '15116667', 23, NULL),
(6279, '15116740', 23, NULL),
(6280, '15116748', 23, NULL),
(6281, '15116814', 23, NULL),
(6282, '15116899', 23, NULL),
(6283, '15117248', 23, NULL),
(6284, '16114858', 23, NULL),
(6285, '16115371', 23, NULL),
(6286, '16115483', 23, NULL),
(6287, '16115525', 23, NULL),
(6288, '16115768', 23, NULL),
(6289, '16115775', 23, NULL),
(6290, '16115777', 23, NULL),
(6291, '16115885', 23, NULL),
(6292, '16116013', 23, NULL),
(6293, '16116062', 23, NULL),
(6294, '16116165', 23, NULL),
(6295, '16116363', 23, NULL),
(6296, '16116453', 23, NULL),
(6297, '16116544', 23, NULL),
(6298, '16116564', 23, NULL),
(6299, '16116611', 23, NULL),
(6300, '16116775', 23, NULL),
(6301, '16116913', 23, NULL),
(6302, '16117437', 23, NULL),
(6303, '16117610', 23, NULL),
(6304, '16117917', 23, NULL),
(6305, '17114148', 23, NULL),
(6306, '17114221', 23, NULL),
(6307, '17114930', 23, NULL),
(6308, '17115831', 23, NULL),
(6309, '17116122', 23, NULL),
(6310, '17116158', 23, NULL),
(6311, '17116234', 23, NULL),
(6312, '17116594', 23, NULL),
(6313, '17116755', 23, NULL),
(6314, '17116921', 23, NULL),
(6315, '17116932', 23, NULL),
(6316, '17116987', 23, NULL),
(6317, '18114770', 23, NULL),
(6318, '18116219', 23, NULL),
(6319, '18116250', 23, NULL),
(6320, '18116261', 23, NULL),
(6321, '18116320', 23, NULL),
(6322, '1A114641', 23, NULL),
(6323, '1C114525', 23, NULL),
(6324, '20116212', 23, NULL),
(6325, '21116431', 23, NULL),
(6326, '21117625', 23, NULL),
(6327, '23114739', 23, NULL),
(6328, '23115487', 23, NULL),
(6329, '23117102', 23, NULL),
(6330, '25117307', 23, NULL),
(6331, '26115874', 23, NULL),
(6332, '27114077', 23, NULL),
(6333, '28114170', 23, NULL),
(6440, '10114016', 25, NULL),
(6441, '10115042', 25, NULL),
(6442, '10115140', 25, NULL),
(6443, '10115148', 25, NULL),
(6444, '10116002', 25, NULL),
(6445, '10116079', 25, NULL),
(6446, '10116248', 25, NULL),
(6447, '10116603', 25, NULL),
(6448, '10116660', 25, NULL),
(6449, '10116676', 25, NULL),
(6450, '10116865', 25, NULL),
(6451, '10116871', 25, NULL),
(6452, '10116885', 25, NULL),
(6453, '10116894', 25, NULL),
(6454, '10117010', 25, NULL),
(6455, '10117189', 25, NULL),
(6456, '10117386', 25, NULL),
(6457, '10117942', 25, NULL),
(6458, '11115294', 25, NULL),
(6459, '11115447', 25, NULL),
(6460, '11115533', 25, NULL),
(6461, '11115556', 25, NULL),
(6462, '11115619', 25, NULL),
(6463, '11115810', 25, NULL),
(6464, '11115864', 25, NULL),
(6465, '11116007', 25, NULL),
(6466, '11116060', 25, NULL),
(6467, '11116528', 25, NULL),
(6468, '11116532', 25, NULL),
(6469, '11116550', 25, NULL),
(6470, '11116607', 25, NULL),
(6471, '11116643', 25, NULL),
(6472, '11116783', 25, NULL),
(6473, '11116920', 25, NULL),
(6474, '11116923', 25, NULL),
(6475, '11117447', 25, NULL),
(6476, '11117597', 25, NULL),
(6477, '12114537', 25, NULL),
(6478, '12115366', 25, NULL),
(6479, '12115465', 25, NULL),
(6480, '12115963', 25, NULL),
(6481, '12116105', 25, NULL),
(6482, '12116429', 25, NULL),
(6483, '12116465', 25, NULL),
(6484, '12116491', 25, NULL),
(6485, '12116586', 25, NULL),
(6486, '12116640', 25, NULL),
(6487, '12116687', 25, NULL),
(6488, '12117471', 25, NULL),
(6489, '1217299', 25, NULL),
(6490, '12345678', 25, NULL),
(6491, '13114402', 25, NULL),
(6492, '13115249', 25, NULL),
(6493, '13115561', 25, NULL),
(6494, '13116142', 25, NULL),
(6495, '13116386', 25, NULL),
(6496, '13116483', 25, NULL),
(6497, '13116502', 25, NULL),
(6498, '13116614', 25, NULL),
(6499, '13116704', 25, NULL),
(6500, '13116839', 25, NULL),
(6501, '13117608', 25, NULL),
(6502, '13117639', 25, NULL),
(6503, '13117664', 25, NULL),
(6504, '13117779', 25, NULL),
(6505, '13117833', 25, NULL),
(6506, '14114470', 25, NULL),
(6507, '14114480', 25, NULL),
(6508, '14115869', 25, NULL),
(6509, '14115896', 25, NULL),
(6510, '14116149', 25, NULL),
(6511, '14116243', 25, NULL),
(6512, '14116519', 25, NULL),
(6513, '14116689', 25, NULL),
(6514, '14116773', 25, NULL),
(6515, '14116836', 25, NULL),
(6516, '14117349', 25, NULL),
(6517, '14117636', 25, NULL),
(6518, '14117879', 25, NULL),
(6519, '14117907', 25, NULL),
(6520, '15115073', 25, NULL),
(6521, '15115076', 25, NULL),
(6522, '15115171', 25, NULL),
(6523, '15115268', 25, NULL),
(6524, '15115398', 25, NULL),
(6525, '15115763', 25, NULL),
(6526, '15116026', 25, NULL),
(6527, '15116088', 25, NULL),
(6528, '15116270', 25, NULL),
(6529, '15116594', 25, NULL),
(6530, '15116629', 25, NULL),
(6531, '15116635', 25, NULL),
(6532, '15116638', 25, NULL),
(6533, '15116667', 25, NULL),
(6534, '15116740', 25, NULL),
(6535, '15116748', 25, NULL),
(6536, '15116814', 25, NULL),
(6537, '15116899', 25, NULL),
(6538, '15117248', 25, NULL),
(6539, '16114858', 25, NULL),
(6540, '16115371', 25, NULL),
(6541, '16115483', 25, NULL),
(6542, '16115525', 25, NULL),
(6543, '16115768', 25, NULL),
(6544, '16115775', 25, NULL),
(6545, '16115777', 25, NULL),
(6546, '16115885', 25, NULL),
(6547, '16116013', 25, NULL),
(6548, '16116062', 25, NULL),
(6549, '16116165', 25, NULL),
(6550, '16116363', 25, NULL),
(6551, '16116453', 25, NULL),
(6552, '16116544', 25, NULL),
(6553, '16116564', 25, NULL),
(6554, '16116611', 25, NULL),
(6555, '16116775', 25, NULL),
(6556, '16116913', 25, NULL),
(6557, '16117437', 25, NULL),
(6558, '16117610', 25, NULL),
(6559, '16117917', 25, NULL),
(6560, '17114148', 25, NULL),
(6561, '17114221', 25, NULL),
(6562, '17114930', 25, NULL),
(6563, '17115831', 25, NULL),
(6564, '17116122', 25, NULL),
(6565, '17116158', 25, NULL),
(6566, '17116234', 25, NULL),
(6567, '17116594', 25, NULL),
(6568, '17116755', 25, NULL),
(6569, '17116921', 25, NULL),
(6570, '17116932', 25, NULL),
(6571, '17116987', 25, NULL),
(6572, '18114770', 25, NULL),
(6573, '18116219', 25, NULL),
(6574, '18116250', 25, NULL),
(6575, '18116261', 25, NULL),
(6576, '18116320', 25, NULL),
(6577, '1A114641', 25, NULL),
(6578, '1C114525', 25, NULL),
(6579, '20116212', 25, NULL),
(6580, '21116431', 25, NULL),
(6581, '21117625', 25, NULL),
(6582, '23114739', 25, NULL),
(6583, '23115487', 25, NULL),
(6584, '23117102', 25, NULL),
(6585, '25117307', 25, NULL),
(6586, '26115874', 25, NULL),
(6587, '27114077', 25, NULL),
(6588, '28114170', 25, NULL),
(6695, '10114016', 26, NULL),
(6696, '10115042', 26, NULL),
(6697, '10115140', 26, NULL),
(6698, '10115148', 26, NULL),
(6699, '10116002', 26, NULL),
(6700, '10116079', 26, NULL),
(6701, '10116248', 26, NULL),
(6702, '10116603', 26, NULL),
(6703, '10116660', 26, NULL),
(6704, '10116676', 26, NULL),
(6705, '10116865', 26, NULL),
(6706, '10116871', 26, NULL),
(6707, '10116885', 26, NULL),
(6708, '10116894', 26, NULL),
(6709, '10117010', 26, NULL),
(6710, '10117189', 26, NULL),
(6711, '10117386', 26, NULL),
(6712, '10117942', 26, NULL),
(6713, '11115294', 26, NULL),
(6714, '11115447', 26, NULL),
(6715, '11115533', 26, NULL),
(6716, '11115556', 26, NULL),
(6717, '11115619', 26, NULL),
(6718, '11115810', 26, NULL),
(6719, '11115864', 26, NULL),
(6720, '11116007', 26, NULL),
(6721, '11116060', 26, NULL),
(6722, '11116528', 26, NULL),
(6723, '11116532', 26, NULL),
(6724, '11116550', 26, NULL),
(6725, '11116607', 26, NULL),
(6726, '11116643', 26, NULL),
(6727, '11116783', 26, NULL),
(6728, '11116920', 26, NULL),
(6729, '11116923', 26, NULL),
(6730, '11117447', 26, NULL),
(6731, '11117597', 26, NULL),
(6732, '12114537', 26, NULL),
(6733, '12115366', 26, NULL),
(6734, '12115465', 26, NULL),
(6735, '12115963', 26, NULL),
(6736, '12116105', 26, NULL),
(6737, '12116429', 26, NULL),
(6738, '12116465', 26, NULL),
(6739, '12116491', 26, NULL),
(6740, '12116586', 26, NULL),
(6741, '12116640', 26, NULL),
(6742, '12116687', 26, NULL),
(6743, '12117471', 26, NULL),
(6744, '1217299', 26, NULL),
(6745, '12345678', 26, NULL),
(6746, '13114402', 26, NULL),
(6747, '13115249', 26, NULL),
(6748, '13115561', 26, NULL),
(6749, '13116142', 26, NULL),
(6750, '13116386', 26, NULL),
(6751, '13116483', 26, NULL),
(6752, '13116502', 26, NULL),
(6753, '13116614', 26, NULL),
(6754, '13116704', 26, NULL),
(6755, '13116839', 26, NULL),
(6756, '13117608', 26, NULL),
(6757, '13117639', 26, NULL),
(6758, '13117664', 26, NULL),
(6759, '13117779', 26, NULL),
(6760, '13117833', 26, NULL),
(6761, '14114470', 26, NULL),
(6762, '14114480', 26, NULL),
(6763, '14115869', 26, NULL),
(6764, '14115896', 26, NULL),
(6765, '14116149', 26, NULL),
(6766, '14116243', 26, NULL),
(6767, '14116519', 26, NULL),
(6768, '14116689', 26, NULL),
(6769, '14116773', 26, NULL),
(6770, '14116836', 26, NULL),
(6771, '14117349', 26, NULL),
(6772, '14117636', 26, NULL),
(6773, '14117879', 26, NULL),
(6774, '14117907', 26, NULL),
(6775, '15115073', 26, NULL),
(6776, '15115076', 26, NULL),
(6777, '15115171', 26, NULL),
(6778, '15115268', 26, NULL),
(6779, '15115398', 26, NULL),
(6780, '15115763', 26, NULL),
(6781, '15116026', 26, NULL),
(6782, '15116088', 26, NULL),
(6783, '15116270', 26, NULL),
(6784, '15116594', 26, NULL),
(6785, '15116629', 26, NULL),
(6786, '15116635', 26, NULL),
(6787, '15116638', 26, NULL),
(6788, '15116667', 26, NULL),
(6789, '15116740', 26, NULL),
(6790, '15116748', 26, NULL),
(6791, '15116814', 26, NULL),
(6792, '15116899', 26, NULL),
(6793, '15117248', 26, NULL),
(6794, '16114858', 26, NULL),
(6795, '16115371', 26, NULL),
(6796, '16115483', 26, NULL),
(6797, '16115525', 26, NULL),
(6798, '16115768', 26, NULL),
(6799, '16115775', 26, NULL),
(6800, '16115777', 26, NULL),
(6801, '16115885', 26, NULL),
(6802, '16116013', 26, NULL),
(6803, '16116062', 26, NULL),
(6804, '16116165', 26, NULL),
(6805, '16116363', 26, NULL),
(6806, '16116453', 26, NULL),
(6807, '16116544', 26, NULL),
(6808, '16116564', 26, NULL),
(6809, '16116611', 26, NULL),
(6810, '16116775', 26, NULL),
(6811, '16116913', 26, NULL),
(6812, '16117437', 26, NULL),
(6813, '16117610', 26, NULL),
(6814, '16117917', 26, NULL),
(6815, '17114148', 26, NULL),
(6816, '17114221', 26, NULL),
(6817, '17114930', 26, NULL),
(6818, '17115831', 26, NULL),
(6819, '17116122', 26, NULL),
(6820, '17116158', 26, NULL),
(6821, '17116234', 26, NULL),
(6822, '17116594', 26, NULL),
(6823, '17116755', 26, NULL),
(6824, '17116921', 26, NULL),
(6825, '17116932', 26, NULL),
(6826, '17116987', 26, NULL),
(6827, '18114770', 26, NULL),
(6828, '18116219', 26, NULL),
(6829, '18116250', 26, NULL),
(6830, '18116261', 26, NULL),
(6831, '18116320', 26, NULL),
(6832, '1A114641', 26, NULL),
(6833, '1C114525', 26, NULL),
(6834, '20116212', 26, NULL),
(6835, '21116431', 26, NULL),
(6836, '21117625', 26, NULL),
(6837, '23114739', 26, NULL),
(6838, '23115487', 26, NULL),
(6839, '23117102', 26, NULL),
(6840, '25117307', 26, NULL),
(6841, '26115874', 26, NULL),
(6842, '27114077', 26, NULL),
(6843, '28114170', 26, NULL),
(6951, '10114016', 36, NULL),
(6952, '10115042', 36, NULL),
(6953, '10115140', 36, NULL),
(6954, '10115148', 36, NULL),
(6955, '10116002', 36, NULL),
(6956, '10116079', 36, NULL),
(6957, '10116248', 36, NULL),
(6958, '10116603', 36, NULL),
(6959, '10116660', 36, NULL),
(6960, '10116676', 36, NULL),
(6961, '10116865', 36, NULL),
(6962, '10116871', 36, NULL),
(6963, '10116885', 36, NULL),
(6964, '10116894', 36, NULL),
(6965, '10117010', 36, NULL),
(6966, '10117189', 36, NULL),
(6967, '10117386', 36, NULL),
(6968, '10117942', 36, NULL),
(6969, '11115294', 36, NULL),
(6970, '11115447', 36, NULL),
(6971, '11115533', 36, NULL),
(6972, '11115556', 36, NULL),
(6973, '11115619', 36, NULL),
(6974, '11115810', 36, NULL),
(6975, '11115864', 36, NULL),
(6976, '11116007', 36, NULL),
(6977, '11116060', 36, NULL),
(6978, '11116528', 36, NULL),
(6979, '11116532', 36, NULL),
(6980, '11116550', 36, NULL),
(6981, '11116607', 36, NULL),
(6982, '11116643', 36, NULL),
(6983, '11116783', 36, NULL),
(6984, '11116920', 36, NULL),
(6985, '11116923', 36, NULL),
(6986, '11117447', 36, NULL),
(6987, '11117597', 36, NULL),
(6988, '12114537', 36, NULL),
(6989, '12115366', 36, NULL),
(6990, '12115465', 36, NULL),
(6991, '12115963', 36, NULL),
(6992, '12116105', 36, NULL),
(6993, '12116429', 36, NULL),
(6994, '12116465', 36, NULL),
(6995, '12116491', 36, NULL),
(6996, '12116586', 36, NULL),
(6997, '12116640', 36, NULL),
(6998, '12116687', 36, NULL),
(6999, '12117471', 36, NULL),
(7000, '1217299', 36, NULL),
(7001, '12345678', 36, NULL),
(7002, '13114402', 36, NULL),
(7003, '13115249', 36, NULL),
(7004, '13115561', 36, NULL),
(7005, '13116142', 36, NULL),
(7006, '13116386', 36, NULL),
(7007, '13116483', 36, NULL),
(7008, '13116502', 36, NULL),
(7009, '13116614', 36, NULL),
(7010, '13116704', 36, NULL),
(7011, '13116839', 36, NULL),
(7012, '13117608', 36, NULL),
(7013, '13117639', 36, NULL),
(7014, '13117664', 36, NULL),
(7015, '13117779', 36, NULL),
(7016, '13117833', 36, NULL),
(7017, '14114470', 36, NULL),
(7018, '14114480', 36, NULL),
(7019, '14115869', 36, NULL),
(7020, '14115896', 36, NULL),
(7021, '14116149', 36, NULL),
(7022, '14116243', 36, NULL),
(7023, '14116519', 36, NULL),
(7024, '14116689', 36, NULL),
(7025, '14116773', 36, NULL),
(7026, '14116836', 36, NULL),
(7027, '14117349', 36, NULL),
(7028, '14117636', 36, NULL),
(7029, '14117879', 36, NULL),
(7030, '14117907', 36, NULL),
(7031, '15115073', 36, NULL),
(7032, '15115076', 36, NULL),
(7033, '15115171', 36, NULL),
(7034, '15115268', 36, NULL),
(7035, '15115398', 36, NULL),
(7036, '15115763', 36, NULL),
(7037, '15116026', 36, NULL),
(7038, '15116088', 36, NULL),
(7039, '15116270', 36, NULL),
(7040, '15116594', 36, NULL),
(7041, '15116629', 36, NULL),
(7042, '15116635', 36, NULL),
(7043, '15116638', 36, NULL),
(7044, '15116667', 36, NULL),
(7045, '15116740', 36, NULL),
(7046, '15116748', 36, NULL),
(7047, '15116814', 36, NULL),
(7048, '15116899', 36, NULL),
(7049, '15117248', 36, NULL),
(7050, '16114858', 36, NULL),
(7051, '16115371', 36, NULL),
(7052, '16115483', 36, NULL),
(7053, '16115525', 36, NULL),
(7054, '16115768', 36, NULL),
(7055, '16115775', 36, NULL),
(7056, '16115777', 36, NULL),
(7057, '16115885', 36, NULL),
(7058, '16116013', 36, NULL),
(7059, '16116062', 36, NULL),
(7060, '16116165', 36, NULL),
(7061, '16116363', 36, NULL),
(7062, '16116453', 36, NULL),
(7063, '16116544', 36, NULL),
(7064, '16116564', 36, NULL),
(7065, '16116611', 36, NULL),
(7066, '16116775', 36, NULL),
(7067, '16116913', 36, NULL),
(7068, '16117437', 36, NULL),
(7069, '16117610', 36, NULL),
(7070, '16117917', 36, NULL),
(7071, '17114148', 36, NULL),
(7072, '17114221', 36, NULL),
(7073, '17114930', 36, NULL),
(7074, '17115831', 36, NULL),
(7075, '17116122', 36, NULL),
(7076, '17116158', 36, NULL),
(7077, '17116234', 36, NULL),
(7078, '17116594', 36, NULL),
(7079, '17116755', 36, NULL),
(7080, '17116921', 36, NULL),
(7081, '17116932', 36, NULL),
(7082, '17116987', 36, NULL),
(7083, '18114770', 36, NULL),
(7084, '18116219', 36, NULL),
(7085, '18116250', 36, NULL),
(7086, '18116261', 36, NULL),
(7087, '18116320', 36, NULL),
(7088, '1A114641', 36, NULL),
(7089, '1C114525', 36, NULL),
(7090, '20116212', 36, NULL),
(7091, '21116431', 36, NULL),
(7092, '21117625', 36, NULL),
(7093, '23114739', 36, NULL),
(7094, '23115487', 36, NULL),
(7095, '23117102', 36, NULL),
(7096, '25117307', 36, NULL),
(7097, '26115874', 36, NULL),
(7098, '27114077', 36, NULL),
(7099, '28114170', 36, NULL),
(7100, '10114016', 37, NULL),
(7101, '10115042', 37, NULL),
(7102, '10115140', 37, NULL),
(7103, '10115148', 37, NULL),
(7104, '10116002', 37, NULL),
(7105, '10116079', 37, NULL),
(7106, '10116248', 37, NULL),
(7107, '10116603', 37, NULL),
(7108, '10116660', 37, NULL),
(7109, '10116676', 37, NULL),
(7110, '10116865', 37, NULL),
(7111, '10116871', 37, NULL),
(7112, '10116885', 37, NULL),
(7113, '10116894', 37, NULL),
(7114, '10117010', 37, NULL),
(7115, '10117189', 37, NULL),
(7116, '10117386', 37, NULL),
(7117, '10117942', 37, NULL),
(7118, '11115294', 37, NULL),
(7119, '11115447', 37, NULL),
(7120, '11115533', 37, NULL),
(7121, '11115556', 37, NULL),
(7122, '11115619', 37, NULL),
(7123, '11115810', 37, NULL),
(7124, '11115864', 37, NULL),
(7125, '11116007', 37, NULL),
(7126, '11116060', 37, NULL),
(7127, '11116528', 37, NULL),
(7128, '11116532', 37, NULL),
(7129, '11116550', 37, NULL),
(7130, '11116607', 37, NULL),
(7131, '11116643', 37, NULL),
(7132, '11116783', 37, NULL),
(7133, '11116920', 37, NULL),
(7134, '11116923', 37, NULL),
(7135, '11117447', 37, NULL),
(7136, '11117597', 37, NULL),
(7137, '12113160', 37, NULL),
(7138, '12114537', 37, NULL),
(7139, '12115366', 37, NULL),
(7140, '12115465', 37, NULL),
(7141, '12115963', 37, NULL),
(7142, '12116105', 37, NULL),
(7143, '12116429', 37, NULL),
(7144, '12116465', 37, NULL),
(7145, '12116491', 37, NULL),
(7146, '12116586', 37, NULL),
(7147, '12116640', 37, NULL),
(7148, '12116687', 37, NULL),
(7149, '12117471', 37, NULL),
(7150, '1217299', 37, NULL),
(7151, '12345678', 37, NULL),
(7152, '13114402', 37, NULL),
(7153, '13115249', 37, NULL),
(7154, '13115561', 37, NULL),
(7155, '13116142', 37, NULL),
(7156, '13116386', 37, NULL),
(7157, '13116461', 37, NULL),
(7158, '13116483', 37, NULL),
(7159, '13116502', 37, NULL),
(7160, '13116614', 37, NULL),
(7161, '13116704', 37, NULL),
(7162, '13116742', 37, NULL),
(7163, '13116839', 37, NULL),
(7164, '13117608', 37, NULL),
(7165, '13117639', 37, NULL),
(7166, '13117664', 37, NULL),
(7167, '13117779', 37, NULL),
(7168, '13117833', 37, NULL),
(7169, '14114470', 37, NULL),
(7170, '14114480', 37, NULL),
(7171, '14115869', 37, NULL),
(7172, '14115896', 37, NULL),
(7173, '14116149', 37, NULL),
(7174, '14116243', 37, NULL),
(7175, '14116519', 37, NULL),
(7176, '14116689', 37, NULL),
(7177, '14116745', 37, NULL),
(7178, '14116773', 37, NULL),
(7179, '14116836', 37, NULL),
(7180, '14117349', 37, NULL),
(7181, '14117636', 37, NULL),
(7182, '14117879', 37, NULL),
(7183, '14117907', 37, NULL),
(7184, '15115073', 37, NULL),
(7185, '15115076', 37, NULL),
(7186, '15115171', 37, NULL),
(7187, '15115268', 37, NULL),
(7188, '15115398', 37, NULL),
(7189, '15115763', 37, NULL),
(7190, '15116026', 37, NULL),
(7191, '15116088', 37, NULL),
(7192, '15116270', 37, NULL),
(7193, '15116594', 37, NULL),
(7194, '15116629', 37, NULL),
(7195, '15116635', 37, NULL),
(7196, '15116638', 37, NULL),
(7197, '15116667', 37, NULL),
(7198, '15116740', 37, NULL),
(7199, '15116748', 37, NULL),
(7200, '15116814', 37, NULL),
(7201, '15116899', 37, NULL),
(7202, '15117072', 37, NULL),
(7203, '15117248', 37, NULL),
(7204, '16114858', 37, NULL),
(7205, '16115086', 37, NULL),
(7206, '16115371', 37, NULL),
(7207, '16115483', 37, NULL),
(7208, '16115525', 37, NULL),
(7209, '16115768', 37, NULL),
(7210, '16115775', 37, NULL),
(7211, '16115777', 37, NULL),
(7212, '16115885', 37, NULL),
(7213, '16116013', 37, NULL),
(7214, '16116062', 37, NULL),
(7215, '16116165', 37, NULL),
(7216, '16116363', 37, NULL),
(7217, '16116453', 37, NULL),
(7218, '16116544', 37, NULL),
(7219, '16116564', 37, NULL),
(7220, '16116611', 37, NULL),
(7221, '16116775', 37, NULL),
(7222, '16116913', 37, NULL),
(7223, '16117437', 37, NULL),
(7224, '16117610', 37, NULL),
(7225, '16117917', 37, NULL),
(7226, '17114148', 37, NULL),
(7227, '17114221', 37, NULL),
(7228, '17114930', 37, NULL),
(7229, '17115831', 37, NULL),
(7230, '17116122', 37, NULL),
(7231, '17116158', 37, NULL),
(7232, '17116234', 37, NULL),
(7233, '17116594', 37, NULL),
(7234, '17116755', 37, NULL),
(7235, '17116921', 37, NULL),
(7236, '17116932', 37, NULL),
(7237, '17116987', 37, NULL),
(7238, '18114770', 37, NULL),
(7239, '18116219', 37, NULL),
(7240, '18116250', 37, NULL),
(7241, '18116261', 37, NULL),
(7242, '18116320', 37, NULL),
(7243, '1A114641', 37, NULL),
(7244, '1C114525', 37, NULL),
(7245, '20116212', 37, NULL),
(7246, '21116431', 37, NULL),
(7247, '21117625', 37, NULL),
(7248, '23114739', 37, NULL),
(7249, '23115487', 37, NULL),
(7250, '23117102', 37, NULL),
(7251, '25117307', 37, NULL),
(7252, '26115874', 37, NULL),
(7253, '27114077', 37, NULL),
(7254, '28114170', 37, NULL),
(7356, '11115619', 30, NULL),
(7357, '20116212', 30, NULL),
(7358, '28114170', 30, NULL),
(7361, '10116089', 30, NULL),
(7362, '15116667', 31, 'Pengurus~'),
(7363, '10116089', 31, 'Sekretaris'),
(7364, '10116089', 30, 'Sekretaris'),
(7365, '15116667', 30, NULL),
(7366, '20116212', 30, NULL),
(7367, '10114016', 38, NULL),
(7368, '10115042', 38, NULL),
(7369, '10115140', 38, NULL),
(7370, '10115148', 38, NULL),
(7371, '10116002', 38, NULL),
(7372, '10116079', 38, NULL),
(7373, '10116089', 38, NULL),
(7374, '10116248', 38, NULL),
(7375, '10116603', 38, NULL),
(7376, '10116660', 38, NULL),
(7377, '10116676', 38, NULL),
(7378, '10116865', 38, NULL),
(7379, '10116871', 38, NULL),
(7380, '10116885', 38, NULL),
(7381, '10116894', 38, NULL),
(7382, '10117010', 38, NULL),
(7383, '10117189', 38, NULL),
(7384, '10117386', 38, NULL),
(7385, '10117942', 38, NULL),
(7386, '11115294', 38, NULL),
(7387, '11115447', 38, NULL),
(7388, '11115533', 38, NULL),
(7389, '11115556', 38, NULL),
(7390, '11115619', 38, NULL),
(7391, '11115810', 38, NULL),
(7392, '11115864', 38, NULL),
(7393, '11116007', 38, NULL),
(7394, '11116060', 38, NULL),
(7395, '11116528', 38, NULL),
(7396, '11116532', 38, NULL),
(7397, '11116550', 38, NULL),
(7398, '11116607', 38, NULL),
(7399, '11116643', 38, NULL),
(7400, '11116783', 38, NULL),
(7401, '11116920', 38, NULL),
(7402, '11116923', 38, NULL),
(7403, '11117447', 38, NULL),
(7404, '11117597', 38, NULL),
(7405, '12113160', 38, NULL),
(7406, '12114537', 38, NULL),
(7407, '12115366', 38, NULL),
(7408, '12115465', 38, NULL),
(7409, '12115963', 38, NULL),
(7410, '12116105', 38, NULL),
(7411, '12116429', 38, NULL),
(7412, '12116465', 38, NULL),
(7413, '12116491', 38, NULL),
(7414, '12116586', 38, NULL),
(7415, '12116640', 38, NULL),
(7416, '12116687', 38, NULL),
(7417, '12117471', 38, NULL),
(7418, '1217299', 38, NULL),
(7419, '12345678', 38, NULL),
(7420, '13114402', 38, NULL),
(7421, '13115249', 38, NULL),
(7422, '13115561', 38, NULL),
(7423, '13116142', 38, NULL),
(7424, '13116386', 38, NULL),
(7425, '13116461', 38, NULL),
(7426, '13116483', 38, NULL),
(7427, '13116502', 38, NULL),
(7428, '13116614', 38, NULL),
(7429, '13116704', 38, NULL),
(7430, '13116742', 38, NULL),
(7431, '13116839', 38, NULL),
(7432, '13117608', 38, NULL),
(7433, '13117639', 38, NULL),
(7434, '13117664', 38, NULL),
(7435, '13117779', 38, NULL),
(7436, '13117833', 38, NULL),
(7437, '14114470', 38, NULL),
(7438, '14114480', 38, NULL),
(7439, '14115869', 38, NULL),
(7440, '14115896', 38, NULL),
(7441, '14116149', 38, NULL),
(7442, '14116243', 38, NULL),
(7443, '14116519', 38, NULL),
(7444, '14116689', 38, NULL),
(7445, '14116745', 38, NULL),
(7446, '14116773', 38, NULL),
(7447, '14116836', 38, NULL),
(7448, '14117349', 38, NULL),
(7449, '14117636', 38, NULL),
(7450, '14117879', 38, NULL),
(7451, '14117907', 38, NULL),
(7452, '15115073', 38, NULL),
(7453, '15115076', 38, NULL),
(7454, '15115171', 38, NULL),
(7455, '15115268', 38, NULL),
(7456, '15115398', 38, NULL),
(7457, '15115763', 38, NULL),
(7458, '15116026', 38, NULL),
(7459, '15116088', 38, NULL),
(7460, '15116270', 38, NULL),
(7461, '15116594', 38, NULL),
(7462, '15116629', 38, NULL),
(7463, '15116635', 38, NULL),
(7464, '15116638', 38, NULL),
(7465, '15116667', 38, NULL),
(7466, '15116740', 38, NULL),
(7467, '15116748', 38, NULL),
(7468, '15116814', 38, NULL),
(7469, '15116899', 38, NULL),
(7470, '15117072', 38, NULL),
(7471, '15117248', 38, NULL),
(7472, '16114858', 38, NULL),
(7473, '16115086', 38, NULL),
(7474, '16115371', 38, NULL),
(7475, '16115483', 38, NULL),
(7476, '16115525', 38, NULL),
(7477, '16115768', 38, NULL),
(7478, '16115775', 38, NULL),
(7479, '16115777', 38, NULL),
(7480, '16115885', 38, NULL),
(7481, '16116013', 38, NULL),
(7482, '16116062', 38, NULL),
(7483, '16116165', 38, NULL),
(7484, '16116363', 38, NULL),
(7485, '16116453', 38, NULL),
(7486, '16116544', 38, NULL),
(7487, '16116564', 38, NULL),
(7488, '16116611', 38, NULL),
(7489, '16116775', 38, NULL),
(7490, '16116913', 38, NULL),
(7491, '16117437', 38, NULL),
(7492, '16117610', 38, NULL),
(7493, '16117917', 38, NULL),
(7494, '17114148', 38, NULL),
(7495, '17114221', 38, NULL),
(7496, '17114930', 38, NULL),
(7497, '17115831', 38, NULL),
(7498, '17116122', 38, NULL),
(7499, '17116158', 38, NULL),
(7500, '17116234', 38, NULL),
(7501, '17116594', 38, NULL),
(7502, '17116755', 38, NULL),
(7503, '17116921', 38, NULL),
(7504, '17116932', 38, NULL),
(7505, '17116987', 38, NULL),
(7506, '18114770', 38, NULL),
(7507, '18116219', 38, NULL),
(7508, '18116250', 38, NULL),
(7509, '18116261', 38, NULL),
(7510, '18116320', 38, NULL),
(7511, '1A114641', 38, NULL),
(7512, '1C114525', 38, NULL),
(7513, '20116212', 38, NULL),
(7514, '21116431', 38, NULL),
(7515, '21117625', 38, NULL),
(7516, '23114739', 38, NULL),
(7517, '23115487', 38, NULL),
(7518, '23117102', 38, NULL),
(7519, '25117307', 38, NULL),
(7520, '26115874', 38, NULL),
(7521, '27114077', 38, NULL),
(7522, '28114170', 38, NULL),
(7622, '10114016', 39, NULL),
(7623, '10115042', 39, NULL),
(7624, '10115140', 39, NULL),
(7625, '10115148', 39, NULL),
(7626, '10116002', 39, NULL),
(7627, '10116079', 39, NULL),
(7628, '10116089', 39, NULL),
(7629, '10116248', 39, NULL),
(7630, '10116603', 39, NULL),
(7631, '10116660', 39, NULL),
(7632, '10116676', 39, NULL),
(7633, '10116865', 39, NULL),
(7634, '10116871', 39, NULL),
(7635, '10116885', 39, NULL),
(7636, '10116894', 39, NULL),
(7637, '10117010', 39, NULL),
(7638, '10117189', 39, NULL),
(7639, '10117386', 39, NULL),
(7640, '10117942', 39, NULL),
(7641, '11115294', 39, NULL),
(7642, '11115447', 39, NULL),
(7643, '11115533', 39, NULL),
(7644, '11115556', 39, NULL),
(7645, '11115619', 39, NULL),
(7646, '11115810', 39, NULL),
(7647, '11115864', 39, NULL),
(7648, '11116007', 39, NULL),
(7649, '11116060', 39, NULL),
(7650, '11116528', 39, NULL),
(7651, '11116532', 39, NULL),
(7652, '11116550', 39, NULL),
(7653, '11116607', 39, NULL),
(7654, '11116643', 39, NULL),
(7655, '11116783', 39, NULL),
(7656, '11116920', 39, NULL),
(7657, '11116923', 39, NULL),
(7658, '11117447', 39, NULL),
(7659, '11117597', 39, NULL),
(7660, '12113160', 39, NULL),
(7661, '12114537', 39, NULL),
(7662, '12115366', 39, NULL),
(7663, '12115465', 39, NULL),
(7664, '12115963', 39, NULL),
(7665, '12116105', 39, NULL),
(7666, '12116429', 39, NULL),
(7667, '12116465', 39, NULL),
(7668, '12116491', 39, NULL),
(7669, '12116586', 39, NULL),
(7670, '12116640', 39, NULL),
(7671, '12116687', 39, NULL),
(7672, '12117471', 39, NULL),
(7673, '1217299', 39, NULL),
(7674, '12345678', 39, NULL),
(7675, '13114402', 39, NULL),
(7676, '13115249', 39, NULL),
(7677, '13115561', 39, NULL),
(7678, '13116142', 39, NULL),
(7679, '13116386', 39, NULL),
(7680, '13116461', 39, NULL),
(7681, '13116483', 39, NULL),
(7682, '13116502', 39, NULL),
(7683, '13116614', 39, NULL),
(7684, '13116704', 39, NULL),
(7685, '13116742', 39, NULL),
(7686, '13116839', 39, NULL),
(7687, '13117608', 39, NULL),
(7688, '13117639', 39, NULL),
(7689, '13117664', 39, NULL),
(7690, '13117779', 39, NULL),
(7691, '13117833', 39, NULL),
(7692, '14114470', 39, NULL),
(7693, '14114480', 39, NULL),
(7694, '14115869', 39, NULL),
(7695, '14115896', 39, NULL),
(7696, '14116149', 39, NULL),
(7697, '14116243', 39, NULL),
(7698, '14116519', 39, NULL),
(7699, '14116689', 39, NULL),
(7700, '14116745', 39, NULL),
(7701, '14116773', 39, NULL),
(7702, '14116836', 39, NULL),
(7703, '14117349', 39, NULL),
(7704, '14117636', 39, NULL),
(7705, '14117879', 39, NULL),
(7706, '14117907', 39, NULL),
(7707, '15115073', 39, NULL),
(7708, '15115076', 39, NULL),
(7709, '15115171', 39, NULL),
(7710, '15115268', 39, NULL),
(7711, '15115398', 39, NULL),
(7712, '15115763', 39, NULL),
(7713, '15116026', 39, NULL),
(7714, '15116088', 39, NULL),
(7715, '15116270', 39, NULL),
(7716, '15116594', 39, NULL),
(7717, '15116629', 39, NULL),
(7718, '15116635', 39, NULL),
(7719, '15116638', 39, NULL),
(7720, '15116667', 39, NULL),
(7721, '15116740', 39, NULL),
(7722, '15116748', 39, NULL),
(7723, '15116814', 39, NULL),
(7724, '15116899', 39, NULL),
(7725, '15117072', 39, NULL),
(7726, '15117248', 39, NULL),
(7727, '16114858', 39, NULL),
(7728, '16115086', 39, NULL),
(7729, '16115371', 39, NULL),
(7730, '16115483', 39, NULL),
(7731, '16115525', 39, NULL),
(7732, '16115768', 39, NULL),
(7733, '16115775', 39, NULL),
(7734, '16115777', 39, NULL),
(7735, '16115885', 39, NULL),
(7736, '16116013', 39, NULL),
(7737, '16116062', 39, NULL),
(7738, '16116165', 39, NULL),
(7739, '16116363', 39, NULL),
(7740, '16116453', 39, NULL),
(7741, '16116544', 39, NULL),
(7742, '16116564', 39, NULL),
(7743, '16116611', 39, NULL),
(7744, '16116775', 39, NULL),
(7745, '16116913', 39, NULL),
(7746, '16117437', 39, NULL),
(7747, '16117610', 39, NULL),
(7748, '16117917', 39, NULL),
(7749, '17114148', 39, NULL),
(7750, '17114221', 39, NULL),
(7751, '17114930', 39, NULL),
(7752, '17115831', 39, NULL),
(7753, '17116122', 39, NULL),
(7754, '17116158', 39, NULL),
(7755, '17116234', 39, NULL),
(7756, '17116594', 39, NULL),
(7757, '17116755', 39, NULL),
(7758, '17116921', 39, NULL),
(7759, '17116932', 39, NULL),
(7760, '17116987', 39, NULL),
(7761, '18114770', 39, NULL),
(7762, '18116219', 39, NULL),
(7763, '18116250', 39, NULL),
(7764, '18116261', 39, NULL),
(7765, '18116320', 39, NULL),
(7766, '1A114641', 39, NULL),
(7767, '1C114525', 39, NULL),
(7768, '20116212', 39, NULL),
(7769, '21116431', 39, NULL),
(7770, '21117625', 39, NULL),
(7771, '23114739', 39, NULL),
(7772, '23115487', 39, NULL),
(7773, '23117102', 39, NULL),
(7774, '25117307', 39, NULL),
(7775, '26115874', 39, NULL),
(7776, '27114077', 39, NULL),
(7777, '28114170', 39, NULL),
(7877, '10114016', 40, NULL),
(7878, '10115042', 40, NULL),
(7879, '10115140', 40, NULL),
(7880, '10115148', 40, NULL),
(7881, '10116002', 40, NULL),
(7882, '10116079', 40, NULL),
(7883, '10116089', 40, NULL),
(7884, '10116248', 40, NULL),
(7885, '10116603', 40, NULL),
(7886, '10116660', 40, NULL),
(7887, '10116676', 40, NULL),
(7888, '10116865', 40, NULL),
(7889, '10116871', 40, NULL),
(7890, '10116885', 40, NULL),
(7891, '10116894', 40, NULL),
(7892, '10117010', 40, NULL),
(7893, '10117189', 40, NULL),
(7894, '10117386', 40, NULL),
(7895, '10117942', 40, NULL),
(7896, '11115294', 40, NULL),
(7897, '11115447', 40, NULL),
(7898, '11115533', 40, NULL),
(7899, '11115556', 40, NULL),
(7900, '11115619', 40, NULL),
(7901, '11115810', 40, NULL),
(7902, '11115864', 40, NULL),
(7903, '11116007', 40, NULL),
(7904, '11116060', 40, NULL),
(7905, '11116528', 40, NULL),
(7906, '11116532', 40, NULL),
(7907, '11116550', 40, NULL),
(7908, '11116607', 40, NULL),
(7909, '11116643', 40, NULL),
(7910, '11116783', 40, NULL),
(7911, '11116920', 40, NULL),
(7912, '11116923', 40, NULL),
(7913, '11117447', 40, NULL),
(7914, '11117597', 40, NULL),
(7915, '12113160', 40, NULL),
(7916, '12114537', 40, NULL),
(7917, '12115366', 40, NULL),
(7918, '12115465', 40, NULL),
(7919, '12115963', 40, NULL),
(7920, '12116105', 40, NULL),
(7921, '12116429', 40, NULL),
(7922, '12116465', 40, NULL),
(7923, '12116491', 40, NULL),
(7924, '12116586', 40, NULL),
(7925, '12116640', 40, NULL),
(7926, '12116687', 40, NULL),
(7927, '12117471', 40, NULL),
(7928, '1217299', 40, NULL),
(7929, '12345678', 40, NULL),
(7930, '13114402', 40, NULL),
(7931, '13115249', 40, NULL),
(7932, '13115561', 40, NULL),
(7933, '13116142', 40, NULL),
(7934, '13116386', 40, NULL),
(7935, '13116461', 40, NULL),
(7936, '13116483', 40, NULL),
(7937, '13116502', 40, NULL),
(7938, '13116614', 40, NULL),
(7939, '13116704', 40, NULL),
(7940, '13116742', 40, NULL),
(7941, '13116839', 40, NULL),
(7942, '13117608', 40, NULL),
(7943, '13117639', 40, NULL),
(7944, '13117664', 40, NULL),
(7945, '13117779', 40, NULL),
(7946, '13117833', 40, NULL),
(7947, '14114470', 40, NULL),
(7948, '14114480', 40, NULL),
(7949, '14115869', 40, NULL),
(7950, '14115896', 40, NULL),
(7951, '14116149', 40, NULL),
(7952, '14116243', 40, NULL),
(7953, '14116519', 40, NULL),
(7954, '14116689', 40, NULL),
(7955, '14116745', 40, NULL),
(7956, '14116773', 40, NULL),
(7957, '14116836', 40, NULL),
(7958, '14117349', 40, NULL),
(7959, '14117636', 40, NULL),
(7960, '14117879', 40, NULL),
(7961, '14117907', 40, NULL),
(7962, '15115073', 40, NULL),
(7963, '15115076', 40, NULL),
(7964, '15115171', 40, NULL),
(7965, '15115268', 40, NULL),
(7966, '15115398', 40, NULL),
(7967, '15115763', 40, NULL),
(7968, '15116026', 40, NULL),
(7969, '15116088', 40, NULL),
(7970, '15116270', 40, NULL),
(7971, '15116594', 40, NULL),
(7972, '15116629', 40, NULL),
(7973, '15116635', 40, NULL),
(7974, '15116638', 40, NULL),
(7975, '15116667', 40, NULL),
(7976, '15116740', 40, NULL),
(7977, '15116748', 40, NULL),
(7978, '15116814', 40, NULL),
(7979, '15116899', 40, NULL),
(7980, '15117072', 40, NULL),
(7981, '15117248', 40, NULL),
(7982, '16114858', 40, NULL),
(7983, '16115086', 40, NULL),
(7984, '16115371', 40, NULL),
(7985, '16115483', 40, NULL),
(7986, '16115525', 40, NULL),
(7987, '16115768', 40, NULL),
(7988, '16115775', 40, NULL),
(7989, '16115777', 40, NULL),
(7990, '16115885', 40, NULL),
(7991, '16116013', 40, NULL),
(7992, '16116062', 40, NULL),
(7993, '16116165', 40, NULL),
(7994, '16116363', 40, NULL),
(7995, '16116453', 40, NULL),
(7996, '16116544', 40, NULL),
(7997, '16116564', 40, NULL),
(7998, '16116611', 40, NULL),
(7999, '16116775', 40, NULL),
(8000, '16116913', 40, NULL),
(8001, '16117437', 40, NULL),
(8002, '16117610', 40, NULL),
(8003, '16117917', 40, NULL),
(8004, '17114148', 40, NULL),
(8005, '17114221', 40, NULL),
(8006, '17114930', 40, NULL),
(8007, '17115831', 40, NULL),
(8008, '17116122', 40, NULL),
(8009, '17116158', 40, NULL),
(8010, '17116234', 40, NULL),
(8011, '17116594', 40, NULL),
(8012, '17116755', 40, NULL),
(8013, '17116921', 40, NULL),
(8014, '17116932', 40, NULL),
(8015, '17116987', 40, NULL),
(8016, '18114770', 40, NULL),
(8017, '18116219', 40, NULL),
(8018, '18116250', 40, NULL),
(8019, '18116261', 40, NULL),
(8020, '18116320', 40, NULL),
(8021, '1A114641', 40, NULL),
(8022, '1C114525', 40, NULL),
(8023, '20116212', 40, NULL),
(8024, '21116431', 40, NULL),
(8025, '21117625', 40, NULL),
(8026, '23114739', 40, NULL),
(8027, '23115487', 40, NULL),
(8028, '23117102', 40, NULL),
(8029, '25117307', 40, NULL),
(8030, '26115874', 40, NULL),
(8031, '27114077', 40, NULL),
(8032, '28114170', 40, NULL);

-- --------------------------------------------------------

--
-- Table structure for table `koordinator`
--

CREATE TABLE `koordinator` (
  `id_koor` int(11) NOT NULL,
  `username` varchar(30) NOT NULL,
  `password` varchar(256) NOT NULL,
  `npm` varchar(8) NOT NULL,
  `izin` int(11) NOT NULL COMMENT 'kalau 0 administrator, kalau 1 bph/mk, 2 ketuplak, 3 anggota',
  `last_login` varchar(25) DEFAULT NULL,
  `kegiatan` varchar(256) DEFAULT NULL
) ENGINE=InnoDB DEFAULT CHARSET=latin1;

--
-- Dumping data for table `koordinator`
--

INSERT INTO `koordinator` (`id_koor`, `username`, `password`, `npm`, `izin`, `last_login`, `kegiatan`) VALUES
(1, 'kips08', '$2y$10$4YP4PYv.p.CCnmytEcP.5eWRDaaFyXIl76YPMQLOaW2WMAelcedEC', '16116611', 2, NULL, '30'),
(2, 'jibrilhp', '$2y$10$FbH3wvxWHZCb7KsMU6Sa4OhEhq/EBc.nO42hBXSI9mX1ObvWXQKC2', '13115561', 2, '14-02-2018 21.05.26', '30:25:31:17'),
(4, 'avakah', '$2y$10$FbH3wvxWHZCb7KsMU6Sa4OhEhq/EBc.nO42hBXSI9mX1ObvWXQKC2', '12115561', 99, '-', ':33'),
(5, 'yofadikara', '$2y$10$hT8lR4cdZZJH2meqDpqP7.1X0PnOrGb5dmg4O.TrX21hIhXli/oF2', '17116755', 2, '26-01-2018 20.41.21', '14:24'),
(6, 'Gilbranpadma', '$2y$10$BG2vIhJIaD4oUNhHkc88aeGjX4EAHtSHdpHD82JvJpKCXtq3gOuyi', '18116219', 2, '-', '16'),
(7, 'ripaahyar', '$2y$10$seN8NGZuskmdUlv0V8aQXuaTyoY1vEpdGJWr2h.daw/elb4VQ5FIu', '18116250', 2, '14-02-2018 13.44.41', '17'),
(8, 'rizkakhusnulkh', '$2y$10$KsfAzXkYHug55OwUtFK52ub32CyUeaL9ZuhFCkaCI.7/Hp6REAUzq', '16116549', 2, '-', ':33'),
(9, 'RelistaFaris', '$2y$10$p.aFqZ97b9QbhEGO0ZcAhemxDfA6eMmlY1Vb5tf5z/rBVhD/jJXN6', '16116165', 2, '-', '19'),
(10, 'SDMfiktiug', '$2y$10$4ZHzhUOQumyzg1ku0tePqemfCgJ1KfSCjfj/T4b0vdWIUjh.pG6bW', '10115140', 2, '02-02-2018 14.03.55', '30:38:25:31:17:14:24:19:27:24:37:39'),
(11, 'yudisdaud', '$2y$10$ZCS1SZ.hj0.IlAOe0Rg.eOtDr7238SFCvp39/IRuYqFlLmmtRHHGC', '1C114525', 2, '14-02-2018 21.06.55', '30:21'),
(12, 'much.susanto', '$2y$10$tksoEWA/NNJ7QZXsgvc2RuIqqRryKiDOeaUQra/m/rweOrcpotqxu', '16114858', 2, '-', '22'),
(13, 'ismailsaleh', '$2y$10$8vWVLsLxUV0zW1IVWD1.1.8KeNkURcepP8o/Hr/rK1Ke2Mts/gyaS', '13116614', 2, '-', ':33'),
(14, 'adibgn', '$2y$10$z6DD2oAhb7NUnofDfTJOt./IhHtcogcJu.oh8XGwreqZeqNY.fzsi', '10115138', 2, '26-01-2018 11.26.59', '27:14:24:31'),
(15, 'rayhanprmdy', '$2y$10$iS6fGOR7i6DRoktBRQlSJuXz1UFK1KtQjQryQMLmaHYRN4QJTZjTu', '16116013', 2, '-', '25'),
(16, 'syahrizalrusman', '$2y$10$INKz9CAMBFQX3f3ienAaLeJ033F8whZeYCPqnVoTChCwYsXfX6V7.', '17116234', 2, '-', ':33'),
(17, 'cendypb', '$2y$10$Ebu/uDdodnmT9kCa7IQHbOGtnYbhDzR.TgRaUcXMzJitDwZXLmcEG', '11115447', 2, '14-02-2018 14.06.26', '26:14:31'),
(18, 'jalur5', '$2y$10$U7zPtMjI8/7DF/VNMk6s5OZwu3mzzNdLpr5hTc7/PuwAiwZk77xDW', '12345678', 2, '-', ':33'),
(19, 'mutiarashanti', '$2y$10$i/QMAjJsDYflM9sLxU1mBOAD3W2Vv2i0ZV0RZ.eKtODyqzO8cGoxG', '14115869', 2, '09-01-2018 18.58.21', '37'),
(20, 'claudyatpmh', '$2y$10$zy.c5HS9P27z.805yDTIi.DhPCiKOX66QwAB.jBmbNrD7urd3Tn1G', '11115533', 2, '02-02-2018 14.41.13', '39');

-- --------------------------------------------------------

--
-- Table structure for table `presensi`
--

CREATE TABLE `presensi` (
  `id_presensi` int(5) NOT NULL,
  `id_rapat` int(5) DEFAULT NULL,
  `id_kepanitiaan` int(5) NOT NULL,
  `hadir` int(5) DEFAULT '0',
  `tdk_hadir` int(5) DEFAULT '1',
  `keterangan` varchar(250) DEFAULT 'Alpha',
  `jam_hadir` varchar(10) DEFAULT NULL COMMENT '{JAM}:{MENIT}:{DETIK}',
  `tgl_rapat` varchar(12) DEFAULT NULL COMMENT 'DD-MM-YYYY'
) ENGINE=InnoDB DEFAULT CHARSET=latin1;

--
-- Dumping data for table `presensi`
--

INSERT INTO `presensi` (`id_presensi`, `id_rapat`, `id_kepanitiaan`, `hadir`, `tdk_hadir`, `keterangan`, `jam_hadir`, `tgl_rapat`) VALUES
(77, 21, 48, 0, 1, 'Alpha', NULL, NULL),
(78, 21, 49, 0, 1, 'Alpha', NULL, NULL),
(79, 21, 50, 0, 1, 'Alpha', NULL, NULL),
(80, 21, 51, 0, 1, 'Alpha', NULL, NULL),
(81, 22, 48, 0, 1, 'Alpha', NULL, NULL),
(82, 22, 49, 0, 1, 'Alpha', NULL, NULL),
(83, 22, 50, 0, 1, 'Alpha', NULL, NULL),
(84, 22, 51, 0, 1, 'Alpha', NULL, NULL),
(85, 23, 48, 0, 1, 'Alpha', NULL, NULL),
(86, 23, 49, 0, 1, 'Alpha', NULL, NULL),
(87, 23, 50, 0, 1, 'Alpha', NULL, NULL),
(88, 23, 51, 0, 1, 'Alpha', NULL, NULL),
(95, 23, 59, 1, 0, '-', '12.34', NULL),
(119, 24, 314, 1, NULL, NULL, NULL, NULL),
(120, 24, 336, 1, NULL, NULL, NULL, NULL),
(121, 24, 324, 1, NULL, NULL, NULL, NULL),
(122, 24, 326, 1, NULL, NULL, NULL, NULL),
(123, 24, 330, 1, NULL, NULL, NULL, NULL),
(124, 24, 336, 1, NULL, NULL, NULL, NULL),
(125, 24, 319, 1, NULL, NULL, NULL, NULL),
(126, 24, 318, 1, NULL, NULL, NULL, NULL),
(127, 24, 321, 1, NULL, NULL, NULL, NULL),
(128, 24, 363, 1, NULL, NULL, NULL, NULL),
(129, 24, 363, 1, NULL, NULL, NULL, NULL),
(130, 24, 364, 1, NULL, NULL, NULL, NULL),
(131, 24, 360, 1, NULL, NULL, NULL, NULL),
(132, 24, 466, 1, 0, NULL, '11:15', '03-12-2017'),
(136, 24, 456, 1, 0, NULL, '11:25', '03-12-2017'),
(138, 24, 1502, 1, 0, NULL, '21:51', '03-12-2017'),
(139, 24, 1502, 1, 0, NULL, '21:56', '03-12-2017'),
(140, 24, 1502, 1, 0, NULL, '21:56', '03-12-2017'),
(141, 24, 1492, 1, 0, NULL, '22:35', '03-12-2017'),
(145, 25, 59, 1, 0, '-', '12.34', NULL),
(146, 25, 60, 0, 1, 'Alpha', NULL, NULL),
(147, 25, 61, 0, 1, 'Alpha', NULL, NULL),
(148, 25, 62, 0, 1, 'Alpha', NULL, NULL),
(149, 25, 63, 0, 1, 'Alpha', NULL, NULL),
(150, 25, 64, 0, 1, 'Alpha', NULL, NULL),
(151, 25, 65, 0, 1, 'Alpha', NULL, NULL),
(152, 25, 66, 0, 1, 'Alpha', NULL, NULL),
(153, 25, 67, 0, 1, 'Alpha', NULL, NULL),
(154, 25, 68, 0, 1, 'Alpha', NULL, NULL),
(155, 25, 69, 0, 1, 'Alpha', NULL, NULL),
(156, 25, 70, 0, 1, 'Alpha', NULL, NULL),
(157, 25, 71, 0, 1, 'Alpha', NULL, NULL),
(158, 25, 72, 1, 0, 'Alpha', '', NULL),
(159, 25, 73, 0, 1, 'Alpha', NULL, NULL),
(160, 25, 74, 0, 1, 'Alpha', NULL, NULL),
(161, 25, 75, 0, 1, 'Alpha', NULL, NULL),
(162, 25, 76, 0, 1, 'Alpha', NULL, NULL),
(163, 25, 77, 0, 1, 'Alpha', NULL, NULL),
(164, 25, 78, 0, 1, 'Alpha', NULL, NULL),
(165, 25, 79, 0, 1, 'Alpha', NULL, NULL),
(166, 25, 81, 0, 1, 'Alpha', NULL, NULL),
(167, 25, 82, 0, 1, 'Alpha', NULL, NULL),
(168, 25, 83, 0, 1, 'Alpha', NULL, NULL),
(169, 25, 84, 0, 1, 'Alpha', NULL, NULL),
(170, 25, 85, 0, 1, 'Alpha', NULL, NULL),
(171, 25, 86, 0, 1, 'Alpha', NULL, NULL),
(172, 25, 87, 0, 1, 'Alpha', NULL, NULL),
(173, 25, 88, 0, 1, 'Alpha', NULL, NULL),
(174, 25, 90, 0, 1, 'Alpha', NULL, NULL),
(175, 25, 91, 0, 1, 'Alpha', NULL, NULL),
(176, 25, 92, 0, 1, 'Alpha', NULL, NULL),
(177, 25, 93, 0, 1, 'Alpha', NULL, NULL),
(178, 25, 94, 0, 1, 'Alpha', NULL, NULL),
(179, 25, 95, 0, 1, 'Alpha', NULL, NULL),
(180, 25, 96, 0, 1, 'Alpha', NULL, NULL),
(181, 25, 97, 0, 1, 'Alpha', NULL, NULL),
(182, 25, 98, 0, 1, 'Alpha', NULL, NULL),
(183, 25, 99, 0, 1, 'Alpha', NULL, NULL),
(184, 25, 100, 0, 1, 'Alpha', NULL, NULL),
(185, 25, 101, 0, 1, 'Alpha', NULL, NULL),
(186, 25, 102, 0, 1, 'Alpha', NULL, NULL),
(187, 25, 103, 0, 1, 'Alpha', NULL, NULL),
(188, 25, 104, 0, 1, 'Alpha', NULL, NULL),
(189, 25, 105, 0, 1, 'Alpha', NULL, NULL),
(190, 25, 106, 0, 1, 'Alpha', NULL, NULL),
(191, 25, 107, 0, 1, 'Alpha', NULL, NULL),
(192, 25, 108, 0, 1, 'Alpha', NULL, NULL),
(193, 25, 109, 0, 1, 'Alpha', NULL, NULL),
(194, 25, 110, 0, 1, 'Alpha', NULL, NULL),
(195, 25, 111, 0, 1, 'Alpha', NULL, NULL),
(196, 25, 112, 0, 1, 'Alpha', NULL, NULL),
(197, 25, 113, 0, 1, 'Alpha', NULL, NULL),
(198, 25, 114, 0, 1, 'Alpha', NULL, NULL),
(199, 25, 115, 0, 1, 'Alpha', NULL, NULL),
(200, 25, 116, 0, 1, 'Alpha', NULL, NULL),
(201, 25, 117, 0, 1, 'Alpha', NULL, NULL),
(202, 25, 118, 0, 1, 'Alpha', NULL, NULL),
(203, 25, 119, 0, 1, 'Alpha', NULL, NULL),
(204, 25, 120, 0, 1, 'Alpha', NULL, NULL),
(205, 25, 121, 0, 1, 'Alpha', NULL, NULL),
(206, 25, 122, 0, 1, 'Alpha', NULL, NULL),
(207, 25, 123, 1, 0, 'Alpha', '', NULL),
(208, 26, 1908, 1, 0, 'Alpha', '', NULL),
(209, 26, 1909, 1, 0, 'Alpha', '', NULL),
(210, 26, 1910, 1, 0, 'Alpha', '', NULL),
(211, 26, 1911, 1, 0, 'Alpha', '', NULL),
(212, 26, 1912, 1, 0, 'Alpha', '', NULL),
(213, 26, 1913, 1, 0, 'Alpha', '', NULL),
(214, 26, 1914, 1, 0, 'Alpha', '', NULL),
(215, 26, 1915, 1, 0, 'Alpha', '', NULL),
(216, 26, 1916, 1, 0, 'Alpha', '', NULL),
(217, 26, 1917, 0, 1, 'Alpha', NULL, NULL),
(218, 26, 1918, 1, 0, 'Alpha', '', NULL),
(219, 26, 1919, 1, 0, 'Alpha', '', NULL),
(220, 26, 1920, 1, 0, 'Alpha', '', NULL),
(221, 26, 1921, 1, 0, 'Alpha', '', NULL),
(222, 26, 1922, 1, 0, 'Alpha', '', NULL),
(223, 26, 1923, 1, 0, 'Alpha', '', NULL),
(224, 26, 1924, 1, 0, 'Alpha', '', NULL),
(225, 26, 1925, 0, 1, 'Alpha', NULL, NULL),
(226, 26, 1926, 1, 0, 'Alpha', '', NULL),
(227, 26, 1927, 0, 1, 'Alpha', NULL, NULL),
(228, 26, 1928, 0, 1, 'Alpha', NULL, NULL),
(229, 26, 1929, 1, 0, 'Alpha', '', NULL),
(230, 26, 1930, 1, 0, 'Alpha', '', NULL),
(231, 26, 1931, 0, 1, 'Alpha', NULL, NULL),
(232, 26, 1932, 0, 1, 'Alpha', NULL, NULL),
(233, 26, 1933, 0, 1, 'Alpha', NULL, NULL),
(234, 26, 1934, 0, 1, 'Alpha', NULL, NULL),
(235, 26, 1935, 1, 0, 'Alpha', '', NULL),
(239, 27, 59, 0, 1, 'Alpha', NULL, NULL),
(240, 27, 60, 0, 1, 'Alpha', NULL, NULL),
(241, 27, 61, 0, 1, 'Alpha', NULL, NULL),
(242, 27, 62, 0, 1, 'Alpha', NULL, NULL),
(243, 27, 63, 0, 1, 'Alpha', NULL, NULL),
(244, 27, 64, 0, 1, 'Alpha', NULL, NULL),
(245, 27, 65, 0, 1, 'Alpha', NULL, NULL),
(246, 27, 66, 0, 1, 'Alpha', NULL, NULL),
(247, 27, 67, 0, 1, 'Alpha', NULL, NULL),
(248, 27, 68, 0, 1, 'Alpha', NULL, NULL),
(249, 27, 69, 0, 1, 'Alpha', NULL, NULL),
(250, 27, 70, 0, 1, 'Alpha', NULL, NULL),
(251, 27, 71, 0, 1, 'Alpha', NULL, NULL),
(252, 27, 72, 1, 0, 'Alpha', '', NULL),
(253, 27, 73, 0, 1, 'Alpha', NULL, NULL),
(254, 27, 74, 0, 1, 'Alpha', NULL, NULL),
(255, 27, 75, 0, 1, 'Alpha', NULL, NULL),
(256, 27, 76, 0, 1, 'Alpha', NULL, NULL),
(257, 27, 77, 0, 1, 'Alpha', NULL, NULL),
(258, 27, 78, 0, 1, 'Alpha', NULL, NULL),
(259, 27, 79, 0, 1, 'Alpha', NULL, NULL),
(260, 27, 81, 0, 1, 'Alpha', NULL, NULL),
(261, 27, 82, 0, 1, 'Alpha', NULL, NULL),
(262, 27, 83, 0, 1, 'Alpha', NULL, NULL),
(263, 27, 84, 0, 1, 'Alpha', NULL, NULL),
(264, 27, 85, 0, 1, 'Alpha', NULL, NULL),
(265, 27, 86, 0, 1, 'Alpha', NULL, NULL),
(266, 27, 87, 0, 1, 'Alpha', NULL, NULL),
(267, 27, 88, 0, 1, 'Alpha', NULL, NULL),
(268, 27, 90, 0, 1, 'Alpha', NULL, NULL),
(269, 27, 91, 0, 1, 'Alpha', NULL, NULL),
(270, 27, 92, 0, 1, 'Alpha', NULL, NULL),
(271, 27, 93, 0, 1, 'Alpha', NULL, NULL),
(272, 27, 94, 0, 1, 'Alpha', NULL, NULL),
(273, 27, 95, 0, 1, 'Alpha', NULL, NULL),
(274, 27, 96, 0, 1, 'Alpha', NULL, NULL),
(275, 27, 97, 0, 1, 'Alpha', NULL, NULL),
(276, 27, 98, 0, 1, 'Alpha', NULL, NULL),
(277, 27, 99, 0, 1, 'Alpha', NULL, NULL),
(278, 27, 100, 0, 1, 'Alpha', NULL, NULL),
(279, 27, 101, 0, 1, 'Alpha', NULL, NULL),
(280, 27, 102, 0, 1, 'Alpha', NULL, NULL),
(281, 27, 103, 0, 1, 'Alpha', NULL, NULL),
(282, 27, 104, 0, 1, 'Alpha', NULL, NULL),
(283, 27, 105, 0, 1, 'Alpha', NULL, NULL),
(284, 27, 106, 0, 1, 'Alpha', NULL, NULL),
(285, 27, 107, 0, 1, 'Alpha', NULL, NULL),
(286, 27, 108, 0, 1, 'Alpha', NULL, NULL),
(287, 27, 109, 0, 1, 'Alpha', NULL, NULL),
(288, 27, 110, 0, 1, 'Alpha', NULL, NULL),
(289, 27, 111, 0, 1, 'Alpha', NULL, NULL),
(290, 27, 112, 0, 1, 'Alpha', NULL, NULL),
(291, 27, 113, 0, 1, 'Alpha', NULL, NULL),
(292, 27, 114, 0, 1, 'Alpha', NULL, NULL),
(293, 27, 115, 0, 1, 'Alpha', NULL, NULL),
(294, 27, 116, 0, 1, 'Alpha', NULL, NULL),
(295, 27, 117, 0, 1, 'Alpha', NULL, NULL),
(296, 27, 118, 0, 1, 'Alpha', NULL, NULL),
(297, 27, 119, 0, 1, 'Alpha', NULL, NULL),
(298, 27, 120, 0, 1, 'Alpha', NULL, NULL),
(299, 27, 121, 0, 1, 'Alpha', NULL, NULL),
(300, 27, 122, 0, 1, 'Alpha', NULL, NULL),
(301, 27, 123, 0, 1, 'Alpha', NULL, NULL),
(306, 26, 2114, 1, 0, NULL, '14:57', '05-12-2017'),
(307, 26, 2095, 1, 0, NULL, '14:58', '05-12-2017'),
(308, 26, 2112, 1, 0, NULL, '14:58', '05-12-2017'),
(309, 26, 2152, 1, 0, NULL, '15:00', '05-12-2017'),
(310, 26, 2082, 1, 0, NULL, '15:00', '05-12-2017'),
(311, 26, 2124, 1, 0, NULL, '15:01', '05-12-2017'),
(312, 26, 2209, 1, 0, NULL, '15:02', '05-12-2017'),
(313, 26, 2591, 1, 0, NULL, '15:14', '05-12-2017'),
(314, 26, 2592, 1, 0, NULL, '15:32', '05-12-2017'),
(315, 26, 2442, 1, 0, NULL, '15:34', '05-12-2017'),
(316, 26, 2442, 1, 0, NULL, '15:34', '05-12-2017'),
(317, 26, 2458, 1, 0, NULL, '15:35', '05-12-2017'),
(318, 26, 2426, 1, 0, NULL, '15:35', '05-12-2017'),
(319, 26, 2337, 1, 0, NULL, '15:36', '05-12-2017'),
(320, 26, 2593, 1, 0, NULL, '15:40', '05-12-2017'),
(321, 26, 2395, 1, 0, NULL, '15:43', '05-12-2017'),
(322, 26, 2354, 1, 0, NULL, '15:44', '05-12-2017'),
(323, 26, 2410, 1, 0, NULL, '15:44', '05-12-2017'),
(324, 26, 2373, 1, 0, NULL, '15:44', '05-12-2017'),
(325, 26, 2396, 1, 0, NULL, '15:44', '05-12-2017'),
(326, 26, 2412, 1, 0, NULL, '15:45', '05-12-2017'),
(327, 26, 2357, 1, 0, NULL, '15:46', '05-12-2017'),
(328, 26, 2469, 1, 0, NULL, '15:48', '05-12-2017'),
(329, 26, 2338, 1, 0, NULL, '15:54', '05-12-2017'),
(330, 26, 2394, 1, 0, NULL, '18:30', '05-12-2017'),
(331, 26, 2453, 1, 0, NULL, '18:34', '05-12-2017'),
(332, 26, 2595, 1, 0, NULL, '18:43', '05-12-2017'),
(333, 28, 59, 0, 1, 'Alpha', NULL, NULL),
(334, 28, 60, 0, 1, 'Alpha', NULL, NULL),
(335, 28, 61, 0, 1, 'Alpha', NULL, NULL),
(336, 28, 62, 0, 1, 'Alpha', NULL, NULL),
(337, 28, 63, 0, 1, 'Alpha', NULL, NULL),
(338, 28, 64, 0, 1, 'Alpha', NULL, NULL),
(339, 28, 65, 0, 1, 'Alpha', NULL, NULL),
(340, 28, 66, 0, 1, 'Alpha', NULL, NULL),
(341, 28, 67, 1, 0, NULL, '16:46', '08-12-2017'),
(342, 28, 68, 0, 1, 'Alpha', NULL, NULL),
(343, 28, 69, 0, 1, 'Alpha', NULL, NULL),
(344, 28, 70, 0, 1, 'Alpha', NULL, NULL),
(345, 28, 71, 0, 1, 'Alpha', NULL, NULL),
(346, 28, 72, 1, 0, 'Alpha', '', NULL),
(347, 28, 73, 0, 1, 'Alpha', NULL, NULL),
(348, 28, 74, 0, 1, 'Alpha', NULL, NULL),
(349, 28, 75, 0, 1, 'Alpha', NULL, NULL),
(350, 28, 76, 0, 1, 'Alpha', NULL, NULL),
(351, 28, 77, 0, 1, 'Alpha', NULL, NULL),
(352, 28, 78, 0, 1, 'Alpha', NULL, NULL),
(353, 28, 79, 0, 1, 'Alpha', NULL, NULL),
(354, 28, 81, 0, 1, 'Alpha', NULL, NULL),
(355, 28, 82, 0, 1, 'Alpha', NULL, NULL),
(356, 28, 83, 0, 1, 'Alpha', NULL, NULL),
(357, 28, 84, 0, 1, 'Alpha', NULL, NULL),
(358, 28, 85, 0, 1, 'Alpha', NULL, NULL),
(359, 28, 86, 0, 1, 'Alpha', NULL, NULL),
(360, 28, 87, 0, 1, 'Alpha', NULL, NULL),
(361, 28, 88, 0, 1, 'Alpha', NULL, NULL),
(362, 28, 90, 0, 1, 'Alpha', NULL, NULL),
(363, 28, 91, 0, 1, 'Alpha', NULL, NULL),
(364, 28, 92, 0, 1, 'Alpha', NULL, NULL),
(365, 28, 93, 0, 1, 'Alpha', NULL, NULL),
(366, 28, 94, 0, 1, 'Alpha', NULL, NULL),
(367, 28, 95, 0, 1, 'Alpha', NULL, NULL),
(368, 28, 96, 0, 1, 'Alpha', NULL, NULL),
(369, 28, 97, 0, 1, 'Alpha', NULL, NULL),
(370, 28, 98, 0, 1, 'Alpha', NULL, NULL),
(371, 28, 99, 0, 1, 'Alpha', NULL, NULL),
(372, 28, 100, 0, 1, 'Alpha', NULL, NULL),
(373, 28, 101, 0, 1, 'Alpha', NULL, NULL),
(374, 28, 102, 0, 1, 'Alpha', NULL, NULL),
(375, 28, 103, 0, 1, 'Alpha', NULL, NULL),
(376, 28, 104, 0, 1, 'Alpha', NULL, NULL),
(377, 28, 105, 0, 1, 'Alpha', NULL, NULL),
(378, 28, 106, 0, 1, 'Alpha', NULL, NULL),
(379, 28, 107, 0, 1, 'Alpha', NULL, NULL),
(380, 28, 108, 0, 1, 'Alpha', NULL, NULL),
(381, 28, 109, 0, 1, 'Alpha', NULL, NULL),
(382, 28, 110, 0, 1, 'Alpha', NULL, NULL),
(383, 28, 111, 0, 1, 'Alpha', NULL, NULL),
(384, 28, 112, 0, 1, 'Alpha', NULL, NULL),
(385, 28, 113, 0, 1, 'Alpha', NULL, NULL),
(386, 28, 114, 0, 1, 'Alpha', NULL, NULL),
(387, 28, 115, 0, 1, 'Alpha', NULL, NULL),
(388, 28, 116, 0, 1, 'Alpha', NULL, NULL),
(389, 28, 117, 0, 1, 'Alpha', NULL, NULL),
(390, 28, 118, 0, 1, 'Alpha', NULL, NULL),
(391, 28, 119, 0, 1, 'Alpha', NULL, NULL),
(392, 28, 120, 0, 1, 'Alpha', NULL, NULL),
(393, 28, 121, 0, 1, 'Alpha', NULL, NULL),
(394, 28, 122, 0, 1, 'Alpha', NULL, NULL),
(395, 28, 123, 0, 1, 'Alpha', NULL, NULL),
(396, 29, 49, 0, 1, 'Alpha', NULL, NULL),
(397, 29, 51, 0, 1, 'Alpha', NULL, NULL),
(399, 30, 49, 1, 0, NULL, '16:43', '08-12-2017'),
(400, 30, 51, 0, 1, 'Alpha', NULL, NULL),
(402, 32, 1908, 1, 0, 'Alpha', '', NULL),
(403, 32, 1909, 1, 0, 'Alpha', '', NULL),
(404, 32, 1910, 1, 0, 'Alpha', '', NULL),
(405, 32, 1911, 1, 0, 'Alpha', '', NULL),
(406, 32, 1912, 1, 0, 'Alpha', '', NULL),
(407, 32, 1913, 1, 0, 'Alpha', '', NULL),
(408, 32, 1914, 1, 0, 'Alpha', '', NULL),
(409, 32, 1915, 1, 0, 'Alpha', '', NULL),
(410, 32, 1916, 1, 0, 'Alpha', '', NULL),
(411, 32, 1917, 0, 1, 'Alpha', NULL, NULL),
(412, 32, 1918, 1, 0, 'Alpha', '', NULL),
(413, 32, 1919, 1, 0, 'Alpha', '', NULL),
(414, 32, 1920, 1, 0, 'Alpha', '', NULL),
(415, 32, 1921, 1, 0, 'Alpha', '', NULL),
(416, 32, 1922, 1, 0, 'Alpha', '', NULL),
(417, 32, 1923, 1, 0, 'Alpha', '', NULL),
(418, 32, 1924, 1, 0, 'Alpha', '', NULL),
(419, 32, 1925, 0, 1, 'Alpha', NULL, NULL),
(420, 32, 1926, 1, 0, 'Alpha', '', NULL),
(421, 32, 1927, 0, 1, 'Alpha', NULL, NULL),
(422, 32, 1928, 0, 1, 'Alpha', NULL, NULL),
(423, 32, 1929, 1, 0, 'Alpha', '', NULL),
(424, 32, 1930, 1, 0, 'Alpha', '', NULL),
(425, 32, 1931, 0, 1, 'Alpha', NULL, NULL),
(426, 32, 1932, 0, 1, 'Alpha', NULL, NULL),
(427, 32, 1933, 0, 1, 'Alpha', NULL, NULL),
(428, 32, 1934, 0, 1, 'Alpha', NULL, NULL),
(429, 32, 1935, 1, 0, 'Alpha', '', NULL),
(433, 33, 4391, 0, 1, 'Alpha', NULL, NULL),
(434, 33, 4392, 0, 1, 'Alpha', NULL, NULL),
(435, 33, 4393, 0, 1, 'Alpha', NULL, NULL),
(436, 33, 4394, 0, 1, 'Alpha', NULL, NULL),
(437, 33, 4395, 0, 1, 'Alpha', NULL, NULL),
(438, 33, 4396, 0, 1, 'Alpha', NULL, NULL),
(439, 33, 4397, 0, 1, 'Alpha', NULL, NULL),
(440, 33, 4398, 0, 1, 'Alpha', NULL, NULL),
(441, 33, 4399, 0, 1, 'Alpha', NULL, NULL),
(442, 33, 4400, 0, 1, 'Alpha', NULL, NULL),
(443, 33, 4401, 0, 1, 'Alpha', NULL, NULL),
(444, 33, 4402, 0, 1, 'Alpha', NULL, NULL),
(445, 33, 4403, 0, 1, 'Alpha', NULL, NULL),
(446, 33, 4404, 0, 1, 'Alpha', NULL, NULL),
(447, 33, 4405, 0, 1, 'Alpha', NULL, NULL),
(448, 33, 4406, 0, 1, 'Alpha', NULL, NULL),
(449, 33, 4407, 0, 1, 'Alpha', NULL, NULL),
(450, 33, 4408, 0, 1, 'Alpha', NULL, NULL),
(451, 33, 4409, 0, 1, 'Alpha', NULL, NULL),
(452, 33, 4410, 0, 1, 'Alpha', NULL, NULL),
(453, 33, 4411, 0, 1, 'Alpha', NULL, NULL),
(454, 33, 4412, 0, 1, 'Alpha', NULL, NULL),
(455, 33, 4413, 0, 1, 'Alpha', NULL, NULL),
(456, 33, 4414, 0, 1, 'Alpha', NULL, NULL),
(457, 33, 4415, 0, 1, 'Alpha', NULL, NULL),
(458, 33, 4416, 0, 1, 'Alpha', NULL, NULL),
(459, 33, 4417, 0, 1, 'Alpha', NULL, NULL),
(460, 33, 4418, 0, 1, 'Alpha', NULL, NULL),
(461, 33, 4419, 0, 1, 'Alpha', NULL, NULL),
(462, 33, 4420, 0, 1, 'Alpha', NULL, NULL),
(463, 33, 4421, 0, 1, 'Alpha', NULL, NULL),
(464, 33, 4422, 0, 1, 'Alpha', NULL, NULL),
(465, 33, 4423, 0, 1, 'Alpha', NULL, NULL),
(466, 33, 4424, 0, 1, 'Alpha', NULL, NULL),
(467, 33, 4425, 0, 1, 'Alpha', NULL, NULL),
(468, 33, 4426, 0, 1, 'Alpha', NULL, NULL),
(469, 33, 4427, 0, 1, 'Alpha', NULL, NULL),
(470, 33, 4428, 0, 1, 'Alpha', NULL, NULL),
(471, 33, 4429, 0, 1, 'Alpha', NULL, NULL),
(472, 33, 4430, 0, 1, 'Alpha', NULL, NULL),
(473, 33, 4431, 0, 1, 'Alpha', NULL, NULL),
(474, 33, 4432, 0, 1, 'Alpha', NULL, NULL),
(475, 33, 4433, 0, 1, 'Alpha', NULL, NULL),
(476, 33, 4434, 0, 1, 'Alpha', NULL, NULL),
(477, 33, 4435, 0, 1, 'Alpha', NULL, NULL),
(478, 33, 4436, 0, 1, 'Alpha', NULL, NULL),
(479, 33, 4437, 0, 1, 'Alpha', NULL, NULL),
(480, 33, 4438, 0, 1, 'Alpha', NULL, NULL),
(481, 33, 4439, 0, 1, 'Alpha', NULL, NULL),
(482, 33, 4440, 0, 1, 'Alpha', NULL, NULL),
(483, 33, 4441, 0, 1, 'Alpha', NULL, NULL),
(484, 33, 4442, 0, 1, 'Alpha', NULL, NULL),
(485, 33, 4443, 0, 1, 'Alpha', NULL, NULL),
(486, 33, 4444, 0, 1, 'Alpha', NULL, NULL),
(487, 33, 4445, 0, 1, 'Alpha', NULL, NULL),
(488, 33, 4446, 0, 1, 'Alpha', NULL, NULL),
(489, 33, 4447, 0, 1, 'Alpha', NULL, NULL),
(490, 33, 4448, 0, 1, 'Alpha', NULL, NULL),
(491, 33, 4449, 0, 1, 'Alpha', NULL, NULL),
(492, 33, 4450, 0, 1, 'Alpha', NULL, NULL),
(493, 33, 4451, 0, 1, 'Alpha', NULL, NULL),
(494, 33, 4452, 0, 1, 'Alpha', NULL, NULL),
(495, 33, 4453, 0, 1, 'Alpha', NULL, NULL),
(496, 33, 4454, 0, 1, 'Alpha', NULL, NULL),
(497, 33, 4455, 0, 1, 'Alpha', NULL, NULL),
(498, 33, 4456, 0, 1, 'Alpha', NULL, NULL),
(499, 33, 4457, 0, 1, 'Alpha', NULL, NULL),
(500, 33, 4458, 0, 1, 'Alpha', NULL, NULL),
(501, 33, 4459, 0, 1, 'Alpha', NULL, NULL),
(502, 33, 4460, 0, 1, 'Alpha', NULL, NULL),
(503, 33, 4461, 0, 1, 'Alpha', NULL, NULL),
(504, 33, 4462, 0, 1, 'Alpha', NULL, NULL),
(505, 33, 4463, 0, 1, 'Alpha', NULL, NULL),
(506, 33, 4464, 0, 1, 'Alpha', NULL, NULL),
(507, 33, 4465, 0, 1, 'Alpha', NULL, NULL),
(508, 33, 4466, 0, 1, 'Alpha', NULL, NULL),
(509, 33, 4467, 0, 1, 'Alpha', NULL, NULL),
(510, 33, 4468, 0, 1, 'Alpha', NULL, NULL),
(511, 33, 4469, 0, 1, 'Alpha', NULL, NULL),
(512, 33, 4470, 0, 1, 'Alpha', NULL, NULL),
(513, 33, 4471, 0, 1, 'Alpha', NULL, NULL),
(514, 33, 4472, 0, 1, 'Alpha', NULL, NULL),
(515, 33, 4473, 0, 1, 'Alpha', NULL, NULL),
(516, 33, 4474, 0, 1, 'Alpha', NULL, NULL),
(517, 33, 4475, 0, 1, 'Alpha', NULL, NULL),
(518, 33, 4476, 0, 1, 'Alpha', NULL, NULL),
(519, 33, 4477, 0, 1, 'Alpha', NULL, NULL),
(520, 33, 4478, 0, 1, 'Alpha', NULL, NULL),
(521, 33, 4479, 0, 1, 'Alpha', NULL, NULL),
(522, 33, 4480, 0, 1, 'Alpha', NULL, NULL),
(523, 33, 4481, 0, 1, 'Alpha', NULL, NULL),
(524, 33, 4482, 0, 1, 'Alpha', NULL, NULL),
(525, 33, 4483, 0, 1, 'Alpha', NULL, NULL),
(526, 33, 4484, 0, 1, 'Alpha', NULL, NULL),
(527, 33, 4485, 0, 1, 'Alpha', NULL, NULL),
(528, 33, 4486, 0, 1, 'Alpha', NULL, NULL),
(529, 33, 4487, 0, 1, 'Alpha', NULL, NULL),
(530, 33, 4488, 0, 1, 'Alpha', NULL, NULL),
(531, 33, 4489, 0, 1, 'Alpha', NULL, NULL),
(532, 33, 4490, 0, 1, 'Alpha', NULL, NULL),
(533, 33, 4491, 0, 1, 'Alpha', NULL, NULL),
(534, 33, 4492, 0, 1, 'Alpha', NULL, NULL),
(535, 33, 4493, 0, 1, 'Alpha', NULL, NULL),
(536, 33, 4494, 0, 1, 'Alpha', NULL, NULL),
(537, 33, 4495, 0, 1, 'Alpha', NULL, NULL),
(538, 33, 4496, 0, 1, 'Alpha', NULL, NULL),
(539, 33, 4497, 0, 1, 'Alpha', NULL, NULL),
(540, 33, 4498, 0, 1, 'Alpha', NULL, NULL),
(541, 33, 4499, 0, 1, 'Alpha', NULL, NULL),
(542, 33, 4500, 0, 1, 'Alpha', NULL, NULL),
(543, 33, 4501, 0, 1, 'Alpha', NULL, NULL),
(544, 33, 4502, 0, 1, 'Alpha', NULL, NULL),
(545, 33, 4503, 0, 1, 'Alpha', NULL, NULL),
(546, 33, 4504, 0, 1, 'Alpha', NULL, NULL),
(547, 33, 4505, 0, 1, 'Alpha', NULL, NULL),
(548, 33, 4506, 0, 1, 'Alpha', NULL, NULL),
(549, 33, 4507, 0, 1, 'Alpha', NULL, NULL),
(550, 33, 4508, 0, 1, 'Alpha', NULL, NULL),
(551, 33, 4509, 0, 1, 'Alpha', NULL, NULL),
(552, 33, 4510, 0, 1, 'Alpha', NULL, NULL),
(553, 33, 4511, 0, 1, 'Alpha', NULL, NULL),
(554, 33, 4512, 0, 1, 'Alpha', NULL, NULL),
(555, 33, 4513, 0, 1, 'Alpha', NULL, NULL),
(556, 33, 4514, 0, 1, 'Alpha', NULL, NULL),
(557, 33, 4515, 0, 1, 'Alpha', NULL, NULL),
(558, 33, 4516, 0, 1, 'Alpha', NULL, NULL),
(559, 33, 4517, 0, 1, 'Alpha', NULL, NULL),
(560, 33, 4518, 0, 1, 'Alpha', NULL, NULL),
(561, 33, 4519, 0, 1, 'Alpha', NULL, NULL),
(562, 33, 4520, 0, 1, 'Alpha', NULL, NULL),
(563, 33, 4521, 0, 1, 'Alpha', NULL, NULL),
(564, 33, 4522, 0, 1, 'Alpha', NULL, NULL),
(565, 33, 4523, 0, 1, 'Alpha', NULL, NULL),
(566, 33, 4524, 0, 1, 'Alpha', NULL, NULL),
(567, 33, 4525, 0, 1, 'Alpha', NULL, NULL),
(568, 33, 4526, 0, 1, 'Alpha', NULL, NULL),
(569, 33, 4527, 0, 1, 'Alpha', NULL, NULL),
(570, 33, 4528, 0, 1, 'Alpha', NULL, NULL),
(571, 33, 4529, 0, 1, 'Alpha', NULL, NULL),
(572, 33, 4530, 0, 1, 'Alpha', NULL, NULL),
(573, 33, 4531, 0, 1, 'Alpha', NULL, NULL),
(574, 33, 4532, 0, 1, 'Alpha', NULL, NULL),
(575, 33, 4533, 0, 1, 'Alpha', NULL, NULL),
(576, 33, 4534, 0, 1, 'Alpha', NULL, NULL),
(577, 33, 4535, 0, 1, 'Alpha', NULL, NULL),
(688, 34, 3882, 1, 0, NULL, '16:21', '13-12-2017'),
(689, 34, 3883, 1, 0, NULL, '16:34', '13-12-2017'),
(690, 34, 3884, 1, 0, NULL, '16:30', '13-12-2017'),
(691, 34, 3885, 1, 0, 'Alpha', '', NULL),
(692, 34, 3889, 1, 0, NULL, '16:43', '13-12-2017'),
(693, 34, 3893, 1, 0, NULL, '18:00', '13-12-2017'),
(694, 34, 3899, 1, 0, '-', '16.30', NULL),
(695, 34, 3900, 1, 0, NULL, '16:20', '13-12-2017'),
(696, 34, 3903, 1, 0, NULL, '18:06', '13-12-2017'),
(697, 34, 3904, 1, 0, NULL, '18:35', '13-12-2017'),
(698, 34, 3906, 1, 0, NULL, '18:34', '13-12-2017'),
(699, 34, 3907, 1, 0, NULL, '16:29', '13-12-2017'),
(700, 34, 3908, 1, 0, NULL, '16:30', '13-12-2017'),
(701, 34, 3910, 1, 0, NULL, '16:27', '13-12-2017'),
(702, 34, 3911, 1, 0, NULL, '16:21', '13-12-2017'),
(703, 34, 3912, 1, 0, NULL, '16:32', '13-12-2017'),
(704, 34, 3916, 0, 1, 'Sakit', '', NULL),
(705, 34, 3918, 1, 0, NULL, '16:27', '13-12-2017'),
(706, 34, 3919, 1, 0, NULL, '16:33', '13-12-2017'),
(707, 34, 3920, 1, 0, NULL, '16:32', '13-12-2017'),
(708, 34, 3921, 1, 0, NULL, '16:28', '13-12-2017'),
(709, 34, 3923, 1, 0, 'Alpha', '', NULL),
(710, 34, 3930, 1, 0, NULL, '18:37', '13-12-2017'),
(711, 34, 3931, 1, 0, 'Alpha', '', '13-12-2017'),
(712, 34, 3932, 1, 0, NULL, '18:41', '13-12-2017'),
(713, 34, 3935, 1, 0, NULL, '16:21', '13-12-2017'),
(714, 34, 3944, 1, 0, NULL, '16:31', '13-12-2017'),
(715, 34, 3945, 1, 0, NULL, '16:25', '13-12-2017'),
(716, 34, 3946, 1, 0, NULL, '16:30', '13-12-2017'),
(717, 34, 3947, 1, 0, NULL, '16:36', '13-12-2017'),
(718, 34, 3949, 1, 0, NULL, '16:21', '13-12-2017'),
(719, 34, 3961, 1, 0, NULL, '18:44', '13-12-2017'),
(720, 34, 3962, 1, 0, NULL, '16:41', '13-12-2017'),
(721, 34, 3963, 1, 0, NULL, '16:31', '13-12-2017'),
(722, 34, 3966, 1, 0, NULL, '16:33', '13-12-2017'),
(723, 34, 3967, 1, 0, NULL, '18:46', '13-12-2017'),
(724, 34, 3968, 1, 0, NULL, '16:30', '13-12-2017'),
(725, 34, 3969, 1, 0, NULL, '16:48', '13-12-2017'),
(726, 34, 3970, 1, 0, 'Alpha', '', '13-12-2017'),
(727, 34, 3974, 1, 0, NULL, '16:41', '13-12-2017'),
(728, 34, 3976, 1, 0, NULL, '16:28', '13-12-2017'),
(729, 34, 3977, 1, 0, NULL, '17:59', '13-12-2017'),
(730, 34, 3978, 1, 0, NULL, '16:30', '13-12-2017'),
(731, 34, 3980, 1, 0, NULL, '16:40', '13-12-2017'),
(732, 34, 3982, 1, 0, NULL, '16:35', '13-12-2017'),
(733, 34, 3983, 1, 0, 'Alpha', '', '13-12-2017'),
(734, 34, 3984, 1, 0, NULL, '16:27', '13-12-2017'),
(735, 34, 3985, 1, 0, NULL, '16:46', '13-12-2017'),
(736, 34, 3986, 1, 0, NULL, '16:40', '13-12-2017'),
(737, 34, 3987, 1, 0, NULL, '18:06', '13-12-2017'),
(738, 34, 3990, 1, 0, NULL, '16:44', '13-12-2017'),
(739, 34, 3991, 0, 1, 'Izin Sakit', '', '13-12-2017'),
(740, 34, 3992, 1, 0, NULL, '18:39', '13-12-2017'),
(741, 34, 3997, 1, 0, NULL, '16:28', '13-12-2017'),
(742, 34, 4000, 1, 0, NULL, '16:39', '13-12-2017'),
(743, 34, 4001, 1, 0, NULL, '18:04', '13-12-2017'),
(744, 34, 4004, 1, 0, NULL, '16:22', '13-12-2017'),
(745, 34, 4005, 1, 0, NULL, '16:39', '13-12-2017'),
(746, 34, 4006, 1, 0, NULL, '16:39', '13-12-2017'),
(747, 34, 4009, 1, 0, NULL, '16:25', '13-12-2017'),
(748, 34, 4010, 1, 0, NULL, '16:38', '13-12-2017'),
(749, 34, 4011, 1, 0, NULL, '16:33', '13-12-2017'),
(750, 34, 4014, 1, 0, 'Alpha', '16.12', NULL),
(751, 34, 4015, 1, 0, 'Alpha', '', NULL),
(752, 34, 4016, 0, 1, 'Alpha', NULL, NULL),
(753, 34, 4017, 1, 0, NULL, '16:31', '13-12-2017'),
(754, 34, 4020, 1, 0, NULL, '16:38', '13-12-2017'),
(755, 34, 4023, 1, 0, NULL, '18:02', '13-12-2017'),
(756, 34, 4024, 1, 0, NULL, '16:27', '13-12-2017'),
(757, 34, 4646, 1, 0, NULL, '16:37', '13-12-2017'),
(815, 34, 5163, 1, 0, 'Alpha', '', '13-12-2017'),
(816, 34, 5162, 1, 0, NULL, '18:41', '13-12-2017'),
(817, 35, 4647, 0, 1, 'Alpha', NULL, NULL),
(818, 35, 4648, 0, 1, 'Alpha', NULL, NULL),
(819, 35, 4649, 0, 1, 'Alpha', NULL, NULL),
(820, 35, 4650, 0, 1, 'Alpha', NULL, NULL),
(821, 35, 4651, 0, 1, 'Alpha', NULL, NULL),
(822, 35, 4652, 0, 1, 'Alpha', NULL, NULL),
(823, 35, 4653, 0, 1, 'Alpha', NULL, NULL),
(824, 35, 4654, 0, 1, 'Alpha', NULL, NULL),
(825, 35, 4655, 0, 1, 'Alpha', NULL, NULL),
(826, 35, 4656, 0, 1, 'Alpha', NULL, NULL),
(827, 35, 4657, 0, 1, 'Alpha', NULL, NULL),
(828, 35, 4658, 0, 1, 'Alpha', NULL, NULL),
(829, 35, 4659, 0, 1, 'Alpha', NULL, NULL),
(830, 35, 4660, 0, 1, 'Alpha', NULL, NULL),
(831, 35, 4661, 0, 1, 'Alpha', NULL, NULL),
(832, 35, 4662, 0, 1, 'Alpha', NULL, NULL),
(833, 35, 4663, 0, 1, 'Alpha', NULL, NULL),
(834, 35, 4664, 0, 1, 'Alpha', NULL, NULL),
(835, 35, 4665, 0, 1, 'Alpha', NULL, NULL),
(836, 35, 4666, 0, 1, 'Alpha', NULL, NULL),
(837, 35, 4667, 0, 1, 'Alpha', NULL, NULL),
(838, 35, 4668, 0, 1, 'Alpha', NULL, NULL),
(839, 35, 4669, 0, 1, 'Alpha', NULL, NULL),
(840, 35, 4670, 0, 1, 'Alpha', NULL, NULL),
(841, 35, 4671, 0, 1, 'Alpha', NULL, NULL),
(842, 35, 4672, 0, 1, 'Alpha', NULL, NULL),
(843, 35, 4673, 0, 1, 'Alpha', NULL, NULL),
(844, 35, 4674, 0, 1, 'Alpha', NULL, NULL),
(845, 35, 4675, 0, 1, 'Alpha', NULL, NULL),
(846, 35, 4676, 0, 1, 'Alpha', NULL, NULL),
(847, 35, 4677, 0, 1, 'Alpha', NULL, NULL),
(848, 35, 4678, 0, 1, 'Alpha', NULL, NULL),
(849, 35, 4679, 0, 1, 'Alpha', NULL, NULL),
(850, 35, 4680, 0, 1, 'Alpha', NULL, NULL),
(851, 35, 4681, 0, 1, 'Alpha', NULL, NULL),
(852, 35, 4682, 0, 1, 'Alpha', NULL, NULL),
(853, 35, 4683, 0, 1, 'Alpha', NULL, NULL),
(854, 35, 4684, 0, 1, 'Alpha', NULL, NULL),
(855, 35, 4685, 0, 1, 'Alpha', NULL, NULL),
(856, 35, 4686, 0, 1, 'Alpha', NULL, NULL),
(857, 35, 4687, 0, 1, 'Alpha', NULL, NULL),
(858, 35, 4688, 0, 1, 'Alpha', NULL, NULL),
(859, 35, 4689, 0, 1, 'Alpha', NULL, NULL),
(860, 35, 4690, 0, 1, 'Alpha', NULL, NULL),
(861, 35, 4691, 0, 1, 'Alpha', NULL, NULL),
(862, 35, 4692, 0, 1, 'Alpha', NULL, NULL),
(863, 35, 4693, 0, 1, 'Alpha', NULL, NULL),
(864, 35, 4694, 0, 1, 'Alpha', NULL, NULL),
(865, 35, 4695, 0, 1, 'Alpha', NULL, NULL),
(866, 35, 4696, 0, 1, 'Alpha', NULL, NULL),
(867, 35, 4697, 0, 1, 'Alpha', NULL, NULL),
(868, 35, 4698, 0, 1, 'Alpha', NULL, NULL),
(869, 35, 4699, 0, 1, 'Alpha', NULL, NULL),
(870, 35, 4700, 0, 1, 'Alpha', NULL, NULL),
(871, 35, 4701, 0, 1, 'Alpha', NULL, NULL),
(872, 35, 4702, 0, 1, 'Alpha', NULL, NULL),
(873, 35, 4703, 0, 1, 'Alpha', NULL, NULL),
(874, 35, 4704, 0, 1, 'Alpha', NULL, NULL),
(875, 35, 4705, 0, 1, 'Alpha', NULL, NULL),
(876, 35, 4706, 0, 1, 'Alpha', NULL, NULL),
(877, 35, 4707, 0, 1, 'Alpha', NULL, NULL),
(878, 35, 4708, 0, 1, 'Alpha', NULL, NULL),
(879, 35, 4709, 0, 1, 'Alpha', NULL, NULL),
(880, 35, 4710, 0, 1, 'Alpha', NULL, NULL),
(881, 35, 4711, 0, 1, 'Alpha', NULL, NULL),
(882, 35, 4712, 0, 1, 'Alpha', NULL, NULL),
(883, 35, 4713, 0, 1, 'Alpha', NULL, NULL),
(884, 35, 4714, 0, 1, 'Alpha', NULL, NULL),
(885, 35, 4715, 0, 1, 'Alpha', NULL, NULL),
(886, 35, 4716, 0, 1, 'Alpha', NULL, NULL),
(887, 35, 4717, 0, 1, 'Alpha', NULL, NULL),
(888, 35, 4718, 0, 1, 'Alpha', NULL, NULL),
(889, 35, 4719, 0, 1, 'Alpha', NULL, NULL),
(890, 35, 4720, 0, 1, 'Alpha', NULL, NULL),
(891, 35, 4721, 0, 1, 'Alpha', NULL, NULL),
(892, 35, 4722, 0, 1, 'Alpha', NULL, NULL),
(893, 35, 4723, 0, 1, 'Alpha', NULL, NULL),
(894, 35, 4724, 0, 1, 'Alpha', NULL, NULL),
(895, 35, 4725, 0, 1, 'Alpha', NULL, NULL),
(896, 35, 4726, 0, 1, 'Alpha', NULL, NULL),
(897, 35, 4727, 0, 1, 'Alpha', NULL, NULL),
(898, 35, 4728, 0, 1, 'Alpha', NULL, NULL),
(899, 35, 4729, 0, 1, 'Alpha', NULL, NULL),
(900, 35, 4730, 0, 1, 'Alpha', NULL, NULL),
(901, 35, 4731, 0, 1, 'Alpha', NULL, NULL),
(902, 35, 4732, 0, 1, 'Alpha', NULL, NULL),
(903, 35, 4733, 0, 1, 'Alpha', NULL, NULL),
(904, 35, 4734, 0, 1, 'Alpha', NULL, NULL),
(905, 35, 4735, 0, 1, 'Alpha', NULL, NULL),
(906, 35, 4736, 0, 1, 'Alpha', NULL, NULL),
(907, 35, 4737, 0, 1, 'Alpha', NULL, NULL),
(908, 35, 4738, 0, 1, 'Alpha', NULL, NULL),
(909, 35, 4739, 0, 1, 'Alpha', NULL, NULL),
(910, 35, 4740, 0, 1, 'Alpha', NULL, NULL),
(911, 35, 4741, 0, 1, 'Alpha', NULL, NULL),
(912, 35, 4742, 0, 1, 'Alpha', NULL, NULL),
(913, 35, 4743, 0, 1, 'Alpha', NULL, NULL),
(914, 35, 4744, 0, 1, 'Alpha', NULL, NULL),
(915, 35, 4745, 0, 1, 'Alpha', NULL, NULL),
(916, 35, 4746, 0, 1, 'Alpha', NULL, NULL),
(917, 35, 4747, 0, 1, 'Alpha', NULL, NULL),
(918, 35, 4748, 0, 1, 'Alpha', NULL, NULL),
(919, 35, 4749, 0, 1, 'Alpha', NULL, NULL),
(920, 35, 4750, 0, 1, 'Alpha', NULL, NULL),
(921, 35, 4751, 0, 1, 'Alpha', NULL, NULL),
(922, 35, 4752, 0, 1, 'Alpha', NULL, NULL),
(923, 35, 4753, 0, 1, 'Alpha', NULL, NULL),
(924, 35, 4754, 0, 1, 'Alpha', NULL, NULL),
(925, 35, 4755, 0, 1, 'Alpha', NULL, NULL),
(926, 35, 4756, 0, 1, 'Alpha', NULL, NULL),
(927, 35, 4757, 0, 1, 'Alpha', NULL, NULL),
(928, 35, 4758, 0, 1, 'Alpha', NULL, NULL),
(929, 35, 4759, 0, 1, 'Alpha', NULL, NULL),
(930, 35, 4760, 0, 1, 'Alpha', NULL, NULL),
(931, 35, 4761, 0, 1, 'Alpha', NULL, NULL),
(932, 35, 4762, 0, 1, 'Alpha', NULL, NULL),
(933, 35, 4763, 0, 1, 'Alpha', NULL, NULL),
(934, 35, 4764, 0, 1, 'Alpha', NULL, NULL),
(935, 35, 4765, 0, 1, 'Alpha', NULL, NULL),
(936, 35, 4766, 0, 1, 'Alpha', NULL, NULL),
(937, 35, 4767, 0, 1, 'Alpha', NULL, NULL),
(938, 35, 4768, 0, 1, 'Alpha', NULL, NULL),
(939, 35, 4769, 0, 1, 'Alpha', NULL, NULL),
(940, 35, 4770, 0, 1, 'Alpha', NULL, NULL),
(941, 35, 4771, 0, 1, 'Alpha', NULL, NULL),
(942, 35, 4772, 0, 1, 'Alpha', NULL, NULL),
(943, 35, 4773, 0, 1, 'Alpha', NULL, NULL),
(944, 35, 4774, 0, 1, 'Alpha', NULL, NULL),
(945, 35, 4775, 0, 1, 'Alpha', NULL, NULL),
(946, 35, 4776, 0, 1, 'Alpha', NULL, NULL),
(947, 35, 4777, 0, 1, 'Alpha', NULL, NULL),
(948, 35, 4778, 0, 1, 'Alpha', NULL, NULL),
(949, 35, 4779, 0, 1, 'Alpha', NULL, NULL),
(950, 35, 4780, 0, 1, 'Alpha', NULL, NULL),
(951, 35, 4781, 0, 1, 'Alpha', NULL, NULL),
(952, 35, 4782, 0, 1, 'Alpha', NULL, NULL),
(953, 35, 4783, 0, 1, 'Alpha', NULL, NULL),
(954, 35, 4784, 0, 1, 'Alpha', NULL, NULL),
(955, 35, 4785, 0, 1, 'Alpha', NULL, NULL),
(956, 35, 4786, 0, 1, 'Alpha', NULL, NULL),
(957, 35, 4787, 0, 1, 'Alpha', NULL, NULL),
(958, 35, 4788, 0, 1, 'Alpha', NULL, NULL),
(959, 35, 4789, 0, 1, 'Alpha', NULL, NULL),
(960, 35, 4790, 0, 1, 'Alpha', NULL, NULL),
(961, 35, 4791, 0, 1, 'Alpha', NULL, NULL),
(962, 35, 7100, 0, 1, 'Alpha', NULL, NULL),
(963, 35, 7101, 0, 1, 'Alpha', NULL, NULL),
(964, 35, 7102, 0, 1, 'Alpha', NULL, NULL),
(965, 35, 7103, 0, 1, 'Alpha', NULL, NULL),
(966, 35, 7104, 0, 1, 'Alpha', NULL, NULL),
(967, 35, 7105, 0, 1, 'Alpha', NULL, NULL),
(968, 35, 7106, 0, 1, 'Alpha', NULL, NULL),
(969, 35, 7107, 0, 1, 'Alpha', NULL, NULL),
(970, 35, 7108, 0, 1, 'Alpha', NULL, NULL),
(971, 35, 7109, 0, 1, 'Alpha', NULL, NULL),
(972, 35, 7110, 0, 1, 'Alpha', NULL, NULL),
(973, 35, 7111, 0, 1, 'Alpha', NULL, NULL),
(974, 35, 7112, 0, 1, 'Alpha', NULL, NULL),
(975, 35, 7113, 0, 1, 'Alpha', NULL, NULL),
(976, 35, 7114, 0, 1, 'Alpha', NULL, NULL),
(977, 35, 7115, 0, 1, 'Alpha', NULL, NULL),
(978, 35, 7116, 0, 1, 'Alpha', NULL, NULL),
(979, 35, 7117, 0, 1, 'Alpha', NULL, NULL),
(980, 35, 7118, 0, 1, 'Alpha', NULL, NULL),
(981, 35, 7119, 0, 1, 'Alpha', NULL, NULL),
(982, 35, 7120, 0, 1, 'Alpha', NULL, NULL),
(983, 35, 7121, 0, 1, 'Alpha', NULL, NULL),
(984, 35, 7122, 0, 1, 'Alpha', NULL, NULL),
(985, 35, 7123, 0, 1, 'Alpha', NULL, NULL),
(986, 35, 7124, 0, 1, 'Alpha', NULL, NULL),
(987, 35, 7125, 0, 1, 'Alpha', NULL, NULL),
(988, 35, 7126, 0, 1, 'Alpha', NULL, NULL),
(989, 35, 7127, 0, 1, 'Alpha', NULL, NULL),
(990, 35, 7128, 0, 1, 'Alpha', NULL, NULL),
(991, 35, 7129, 0, 1, 'Alpha', NULL, NULL),
(992, 35, 7130, 0, 1, 'Alpha', NULL, NULL),
(993, 35, 7131, 0, 1, 'Alpha', NULL, NULL),
(994, 35, 7132, 0, 1, 'Alpha', NULL, NULL),
(995, 35, 7133, 0, 1, 'Alpha', NULL, NULL),
(996, 35, 7134, 0, 1, 'Alpha', NULL, NULL),
(997, 35, 7135, 0, 1, 'Alpha', NULL, NULL),
(998, 35, 7136, 0, 1, 'Alpha', NULL, NULL),
(999, 35, 7137, 0, 1, 'Alpha', NULL, NULL),
(1000, 35, 7138, 0, 1, 'Alpha', NULL, NULL),
(1001, 35, 7139, 0, 1, 'Alpha', NULL, NULL),
(1002, 35, 7140, 0, 1, 'Alpha', NULL, NULL),
(1003, 35, 7141, 0, 1, 'Alpha', NULL, NULL),
(1004, 35, 7142, 1, 0, NULL, '18:19', '09-01-2018'),
(1005, 35, 7143, 0, 1, 'Alpha', NULL, NULL),
(1006, 35, 7144, 0, 1, 'Alpha', NULL, NULL),
(1007, 35, 7145, 0, 1, 'Alpha', NULL, NULL),
(1008, 35, 7146, 0, 1, 'Alpha', NULL, NULL),
(1009, 35, 7147, 0, 1, 'Alpha', NULL, NULL),
(1010, 35, 7148, 0, 1, 'Alpha', NULL, NULL),
(1011, 35, 7149, 0, 1, 'Alpha', NULL, NULL),
(1012, 35, 7150, 0, 1, 'Alpha', NULL, NULL),
(1013, 35, 7151, 0, 1, 'Alpha', NULL, NULL),
(1014, 35, 7152, 0, 1, 'Alpha', NULL, NULL),
(1015, 35, 7153, 0, 1, 'Alpha', NULL, NULL),
(1016, 35, 7154, 0, 1, 'Alpha', NULL, NULL),
(1017, 35, 7155, 0, 1, 'Alpha', NULL, NULL),
(1018, 35, 7156, 0, 1, 'Alpha', NULL, NULL),
(1019, 35, 7157, 0, 1, 'Alpha', NULL, NULL),
(1020, 35, 7158, 0, 1, 'Alpha', NULL, NULL),
(1021, 35, 7159, 1, 0, NULL, '18:18', '09-01-2018'),
(1022, 35, 7160, 0, 1, 'Alpha', NULL, NULL),
(1023, 35, 7161, 0, 1, 'Alpha', NULL, NULL),
(1024, 35, 7162, 0, 1, 'Alpha', NULL, NULL),
(1025, 35, 7163, 0, 1, 'Alpha', NULL, NULL),
(1026, 35, 7164, 0, 1, 'Alpha', NULL, NULL),
(1027, 35, 7165, 0, 1, 'Alpha', NULL, NULL),
(1028, 35, 7166, 0, 1, 'Alpha', NULL, NULL),
(1029, 35, 7167, 0, 1, 'Alpha', NULL, NULL),
(1030, 35, 7168, 0, 1, 'Alpha', NULL, NULL),
(1031, 35, 7169, 0, 1, 'Alpha', NULL, NULL),
(1032, 35, 7170, 1, 0, NULL, '18:20', '09-01-2018'),
(1033, 35, 7171, 1, 0, NULL, '18:55', '09-01-2018'),
(1034, 35, 7172, 0, 1, 'Alpha', NULL, NULL),
(1035, 35, 7173, 0, 1, 'Alpha', NULL, NULL),
(1036, 35, 7174, 0, 1, 'Alpha', NULL, NULL),
(1037, 35, 7175, 0, 1, 'Alpha', NULL, NULL),
(1038, 35, 7176, 0, 1, 'Alpha', NULL, NULL),
(1039, 35, 7177, 0, 1, 'Alpha', NULL, NULL),
(1040, 35, 7178, 0, 1, 'Alpha', NULL, NULL),
(1041, 35, 7179, 0, 1, 'Alpha', NULL, NULL),
(1042, 35, 7180, 0, 1, 'Alpha', NULL, NULL),
(1043, 35, 7181, 0, 1, 'Alpha', NULL, NULL),
(1044, 35, 7182, 0, 1, 'Alpha', NULL, NULL),
(1045, 35, 7183, 0, 1, 'Alpha', NULL, NULL),
(1046, 35, 7184, 0, 1, 'Alpha', NULL, NULL),
(1047, 35, 7185, 0, 1, 'Alpha', NULL, NULL),
(1048, 35, 7186, 0, 1, 'Alpha', NULL, NULL),
(1049, 35, 7187, 0, 1, 'Alpha', NULL, NULL),
(1050, 35, 7188, 0, 1, 'Alpha', NULL, NULL),
(1051, 35, 7189, 0, 1, 'Alpha', NULL, NULL),
(1052, 35, 7190, 0, 1, 'Alpha', NULL, NULL),
(1053, 35, 7191, 0, 1, 'Alpha', NULL, NULL),
(1054, 35, 7192, 1, 0, NULL, '18:19', '09-01-2018'),
(1055, 35, 7193, 0, 1, 'Alpha', NULL, NULL),
(1056, 35, 7194, 0, 1, 'Alpha', NULL, NULL),
(1057, 35, 7195, 0, 1, 'Alpha', NULL, NULL),
(1058, 35, 7196, 0, 1, 'Alpha', NULL, NULL),
(1059, 35, 7197, 0, 1, 'Alpha', NULL, NULL),
(1060, 35, 7198, 0, 1, 'Alpha', NULL, NULL),
(1061, 35, 7199, 0, 1, 'Alpha', NULL, NULL),
(1062, 35, 7200, 0, 1, 'Alpha', NULL, NULL),
(1063, 35, 7201, 0, 1, 'Alpha', NULL, NULL),
(1064, 35, 7202, 0, 1, 'Alpha', NULL, NULL),
(1065, 35, 7203, 0, 1, 'Alpha', NULL, NULL),
(1066, 35, 7204, 0, 1, 'Alpha', NULL, NULL),
(1067, 35, 7205, 0, 1, 'Alpha', NULL, NULL),
(1068, 35, 7206, 0, 1, 'Alpha', NULL, NULL),
(1069, 35, 7207, 0, 1, 'Alpha', NULL, NULL),
(1070, 35, 7208, 0, 1, 'Alpha', NULL, NULL),
(1071, 35, 7209, 0, 1, 'Alpha', NULL, NULL),
(1072, 35, 7210, 0, 1, 'Alpha', NULL, NULL),
(1073, 35, 7211, 0, 1, 'Alpha', NULL, NULL),
(1074, 35, 7212, 0, 1, 'Alpha', NULL, NULL),
(1075, 35, 7213, 0, 1, 'Alpha', NULL, NULL),
(1076, 35, 7214, 0, 1, 'Alpha', NULL, NULL),
(1077, 35, 7215, 0, 1, 'Alpha', NULL, NULL),
(1078, 35, 7216, 0, 1, 'Alpha', NULL, NULL),
(1079, 35, 7217, 0, 1, 'Alpha', NULL, NULL),
(1080, 35, 7218, 0, 1, 'Alpha', NULL, NULL),
(1081, 35, 7219, 0, 1, 'Alpha', NULL, NULL),
(1082, 35, 7220, 0, 1, 'Alpha', NULL, NULL),
(1083, 35, 7221, 0, 1, 'Alpha', NULL, NULL),
(1084, 35, 7222, 0, 1, 'Alpha', NULL, NULL),
(1085, 35, 7223, 0, 1, 'Alpha', NULL, NULL),
(1086, 35, 7224, 0, 1, 'Alpha', NULL, NULL),
(1087, 35, 7225, 0, 1, 'Alpha', NULL, NULL),
(1088, 35, 7226, 0, 1, 'Alpha', NULL, NULL),
(1089, 35, 7227, 0, 1, 'Alpha', NULL, NULL),
(1090, 35, 7228, 0, 1, 'Alpha', NULL, NULL),
(1091, 35, 7229, 0, 1, 'Alpha', NULL, NULL),
(1092, 35, 7230, 0, 1, 'Alpha', NULL, NULL),
(1093, 35, 7231, 0, 1, 'Alpha', NULL, NULL),
(1094, 35, 7232, 0, 1, 'Alpha', NULL, NULL),
(1095, 35, 7233, 0, 1, 'Alpha', NULL, NULL),
(1096, 35, 7234, 0, 1, 'Alpha', NULL, NULL),
(1097, 35, 7235, 0, 1, 'Alpha', NULL, NULL),
(1098, 35, 7236, 0, 1, 'Alpha', NULL, NULL),
(1099, 35, 7237, 0, 1, 'Alpha', NULL, NULL),
(1100, 35, 7238, 0, 1, 'Alpha', NULL, NULL),
(1101, 35, 7239, 0, 1, 'Alpha', NULL, NULL),
(1102, 35, 7240, 0, 1, 'Alpha', NULL, NULL),
(1103, 35, 7241, 0, 1, 'Alpha', NULL, NULL),
(1104, 35, 7242, 0, 1, 'Alpha', NULL, NULL),
(1105, 35, 7243, 0, 1, 'Alpha', NULL, NULL),
(1106, 35, 7244, 0, 1, 'Alpha', NULL, NULL),
(1107, 35, 7245, 0, 1, 'Alpha', NULL, NULL),
(1108, 35, 7246, 0, 1, 'Alpha', NULL, NULL),
(1109, 35, 7247, 0, 1, 'Alpha', NULL, NULL),
(1110, 35, 7248, 0, 1, 'Alpha', NULL, NULL),
(1111, 35, 7249, 0, 1, 'Alpha', NULL, NULL),
(1112, 35, 7250, 0, 1, 'Alpha', NULL, NULL),
(1113, 35, 7251, 0, 1, 'Alpha', NULL, NULL),
(1114, 35, 7252, 0, 1, 'Alpha', NULL, NULL),
(1115, 35, 7253, 0, 1, 'Alpha', NULL, NULL),
(1116, 35, 7254, 0, 1, 'Alpha', NULL, NULL),
(1217, 36, 3882, 1, 0, NULL, '16:55', '22-01-2018'),
(1218, 36, 3883, 1, 0, NULL, '16:39', '22-01-2018'),
(1219, 36, 3884, 1, 0, NULL, '17:05', '22-01-2018'),
(1220, 36, 3885, 1, 0, 'Alpha', '', NULL),
(1221, 36, 3889, 1, 0, NULL, '16:55', '22-01-2018'),
(1222, 36, 3893, 1, 0, NULL, '16:45', '22-01-2018'),
(1223, 36, 3899, 1, 0, NULL, '17:03', '22-01-2018'),
(1224, 36, 3900, 1, 0, NULL, '17:14', '22-01-2018'),
(1225, 36, 3903, 0, 1, 'Alpha', NULL, NULL),
(1226, 36, 3904, 1, 0, NULL, '16:54', '22-01-2018'),
(1227, 36, 3906, 1, 0, NULL, '17:15', '22-01-2018'),
(1228, 36, 3907, 0, 1, 'Alpha', NULL, NULL),
(1229, 36, 3908, 1, 0, NULL, '16:40', '22-01-2018'),
(1230, 36, 3910, 1, 0, NULL, '16:58', '22-01-2018'),
(1231, 36, 3911, 1, 0, NULL, '17:05', '22-01-2018'),
(1232, 36, 3912, 1, 0, NULL, '16:40', '22-01-2018'),
(1233, 36, 3916, 1, 0, NULL, '16:49', '22-01-2018'),
(1234, 36, 3918, 1, 0, NULL, '16:43', '22-01-2018'),
(1235, 36, 3919, 1, 0, NULL, '16:48', '22-01-2018'),
(1236, 36, 3920, 1, 0, NULL, '16:56', '22-01-2018'),
(1237, 36, 3921, 1, 0, NULL, '16:58', '22-01-2018'),
(1238, 36, 3923, 1, 0, NULL, '17:16', '22-01-2018'),
(1239, 36, 3930, 1, 0, NULL, '17:18', '22-01-2018'),
(1240, 36, 3931, 1, 0, 'Alpha', '', NULL),
(1241, 36, 3932, 1, 0, NULL, '17:12', '22-01-2018'),
(1242, 36, 3935, 1, 0, NULL, '16:40', '22-01-2018'),
(1243, 36, 3944, 1, 0, NULL, '16:48', '22-01-2018'),
(1244, 36, 3945, 0, 1, 'Alpha', NULL, NULL),
(1245, 36, 3946, 1, 0, NULL, '16:41', '22-01-2018'),
(1246, 36, 3947, 1, 0, NULL, '16:47', '22-01-2018'),
(1247, 36, 3949, 1, 0, NULL, '17:06', '22-01-2018'),
(1248, 36, 3961, 1, 0, NULL, '16:43', '22-01-2018'),
(1249, 36, 3962, 1, 0, NULL, '17:16', '22-01-2018'),
(1250, 36, 3963, 1, 0, NULL, '16:38', '22-01-2018'),
(1251, 36, 3966, 1, 0, NULL, '16:57', '22-01-2018'),
(1252, 36, 3967, 1, 0, NULL, '17:01', '22-01-2018'),
(1253, 36, 3968, 1, 0, NULL, '17:13', '22-01-2018'),
(1254, 36, 3969, 1, 0, NULL, '17:07', '22-01-2018'),
(1255, 36, 3970, 1, 0, 'Alpha', '', NULL),
(1256, 36, 3974, 1, 0, NULL, '16:46', '22-01-2018'),
(1257, 36, 3976, 1, 0, NULL, '17:31', '22-01-2018'),
(1258, 36, 3977, 1, 0, NULL, '16:46', '22-01-2018'),
(1259, 36, 3978, 1, 0, NULL, '17:00', '22-01-2018'),
(1260, 36, 3980, 1, 0, NULL, '17:00', '22-01-2018'),
(1261, 36, 3982, 1, 0, NULL, '17:00', '22-01-2018'),
(1262, 36, 3983, 1, 0, 'Alpha', '', NULL),
(1263, 36, 3984, 1, 0, NULL, '16:58', '22-01-2018'),
(1264, 36, 3985, 1, 0, NULL, '16:48', '22-01-2018'),
(1265, 36, 3986, 1, 0, NULL, '16:59', '22-01-2018'),
(1266, 36, 3987, 1, 0, NULL, '17:07', '22-01-2018'),
(1267, 36, 3990, 1, 0, NULL, '16:59', '22-01-2018'),
(1268, 36, 3991, 0, 1, 'Izin Sakit', '', NULL),
(1269, 36, 3992, 1, 0, NULL, '17:16', '22-01-2018'),
(1270, 36, 3997, 1, 0, NULL, '17:08', '22-01-2018'),
(1271, 36, 4000, 1, 0, NULL, '17:04', '22-01-2018'),
(1272, 36, 4001, 1, 0, NULL, '16:41', '22-01-2018'),
(1273, 36, 4004, 1, 0, NULL, '17:07', '22-01-2018'),
(1274, 36, 4005, 1, 0, NULL, '17:06', '22-01-2018'),
(1275, 36, 4006, 1, 0, NULL, '17:01', '22-01-2018'),
(1276, 36, 4009, 1, 0, NULL, '16:38', '22-01-2018'),
(1277, 36, 4010, 1, 0, NULL, '17:01', '22-01-2018'),
(1278, 36, 4011, 1, 0, NULL, '16:47', '22-01-2018'),
(1279, 36, 4014, 1, 0, NULL, '16:53', '22-01-2018'),
(1280, 36, 4015, 1, 0, 'Alpha', '', NULL),
(1281, 36, 4016, 1, 0, NULL, '18:20', '22-01-2018'),
(1282, 36, 4017, 1, 0, NULL, '17:25', '22-01-2018'),
(1283, 36, 4020, 1, 0, NULL, '19:04', '22-01-2018'),
(1284, 36, 4023, 1, 0, NULL, '19:04', '22-01-2018'),
(1285, 36, 4024, 1, 0, NULL, '17:32', '22-01-2018'),
(1286, 36, 4646, 1, 0, NULL, '17:46', '22-01-2018'),
(1287, 36, 5159, 1, 0, NULL, '17:19', '22-01-2018'),
(1288, 36, 5162, 1, 0, NULL, '17:05', '22-01-2018'),
(1289, 36, 5163, 1, 0, 'Alpha', '', NULL),
(1344, 37, 440, 0, 1, 'Alpha', NULL, NULL),
(1345, 37, 441, 0, 1, 'Alpha', NULL, NULL),
(1346, 37, 442, 0, 1, 'Alpha', NULL, NULL),
(1347, 37, 443, 0, 1, 'Alpha', NULL, NULL),
(1348, 37, 444, 0, 1, 'Alpha', NULL, NULL),
(1349, 37, 445, 0, 1, 'Alpha', NULL, NULL),
(1350, 37, 446, 0, 1, 'Alpha', NULL, NULL),
(1351, 37, 447, 0, 1, 'Alpha', NULL, NULL),
(1352, 37, 448, 0, 1, 'Alpha', NULL, NULL),
(1353, 37, 449, 0, 1, 'Alpha', NULL, NULL),
(1354, 37, 450, 0, 1, 'Alpha', NULL, NULL),
(1355, 37, 451, 0, 1, 'Alpha', NULL, NULL),
(1356, 37, 452, 0, 1, 'Alpha', NULL, NULL),
(1357, 37, 453, 0, 1, 'Alpha', NULL, NULL),
(1358, 37, 454, 0, 1, 'Alpha', NULL, NULL),
(1359, 37, 455, 0, 1, 'Alpha', NULL, NULL),
(1360, 37, 456, 0, 1, 'Alpha', NULL, NULL),
(1361, 37, 457, 0, 1, 'Alpha', NULL, NULL),
(1362, 37, 458, 0, 1, 'Alpha', NULL, NULL),
(1363, 37, 459, 0, 1, 'Alpha', NULL, NULL),
(1364, 37, 460, 0, 1, 'Alpha', NULL, NULL),
(1365, 37, 462, 0, 1, 'Alpha', NULL, NULL),
(1366, 37, 463, 0, 1, 'Alpha', NULL, NULL),
(1367, 37, 464, 0, 1, 'Alpha', NULL, NULL),
(1368, 37, 465, 0, 1, 'Alpha', NULL, NULL),
(1369, 37, 466, 0, 1, 'Alpha', NULL, NULL),
(1370, 37, 467, 0, 1, 'Alpha', NULL, NULL),
(1371, 37, 468, 0, 1, 'Alpha', NULL, NULL),
(1372, 37, 469, 0, 1, 'Alpha', NULL, NULL),
(1373, 37, 471, 0, 1, 'Alpha', NULL, NULL),
(1374, 37, 472, 0, 1, 'Alpha', NULL, NULL),
(1375, 37, 473, 0, 1, 'Alpha', NULL, NULL),
(1376, 37, 474, 0, 1, 'Alpha', NULL, NULL),
(1377, 37, 475, 0, 1, 'Alpha', NULL, NULL),
(1378, 37, 476, 0, 1, 'Alpha', NULL, NULL),
(1379, 37, 477, 0, 1, 'Alpha', NULL, NULL),
(1380, 37, 478, 0, 1, 'Alpha', NULL, NULL),
(1381, 37, 479, 0, 1, 'Alpha', NULL, NULL),
(1382, 37, 480, 0, 1, 'Alpha', NULL, NULL),
(1383, 37, 481, 0, 1, 'Alpha', NULL, NULL),
(1384, 37, 482, 0, 1, 'Alpha', NULL, NULL),
(1385, 37, 483, 0, 1, 'Alpha', NULL, NULL),
(1386, 37, 484, 0, 1, 'Alpha', NULL, NULL),
(1387, 37, 485, 0, 1, 'Alpha', NULL, NULL),
(1388, 37, 486, 0, 1, 'Alpha', NULL, NULL),
(1389, 37, 487, 0, 1, 'Alpha', NULL, NULL),
(1390, 37, 488, 0, 1, 'Alpha', NULL, NULL),
(1391, 37, 489, 0, 1, 'Alpha', NULL, NULL),
(1392, 37, 490, 0, 1, 'Alpha', NULL, NULL),
(1393, 37, 491, 0, 1, 'Alpha', NULL, NULL),
(1394, 37, 492, 0, 1, 'Alpha', NULL, NULL),
(1395, 37, 493, 0, 1, 'Alpha', NULL, NULL),
(1396, 37, 494, 0, 1, 'Alpha', NULL, NULL),
(1397, 37, 495, 0, 1, 'Alpha', NULL, NULL),
(1398, 37, 496, 0, 1, 'Alpha', NULL, NULL),
(1399, 37, 497, 0, 1, 'Alpha', NULL, NULL),
(1400, 37, 498, 0, 1, 'Alpha', NULL, NULL),
(1401, 37, 499, 0, 1, 'Alpha', NULL, NULL),
(1402, 37, 500, 0, 1, 'Alpha', NULL, NULL),
(1403, 37, 501, 0, 1, 'Alpha', NULL, NULL),
(1404, 37, 502, 0, 1, 'Alpha', NULL, NULL),
(1405, 37, 503, 0, 1, 'Alpha', NULL, NULL),
(1406, 37, 504, 0, 1, 'Alpha', NULL, NULL),
(1407, 37, 3116, 0, 1, 'Alpha', NULL, NULL),
(1408, 37, 3117, 0, 1, 'Alpha', NULL, NULL),
(1409, 37, 3118, 0, 1, 'Alpha', NULL, NULL),
(1410, 37, 3119, 0, 1, 'Alpha', NULL, NULL),
(1411, 37, 3120, 0, 1, 'Alpha', NULL, NULL),
(1412, 37, 3121, 0, 1, 'Alpha', NULL, NULL),
(1413, 37, 3122, 0, 1, 'Alpha', NULL, NULL),
(1414, 37, 3123, 0, 1, 'Alpha', NULL, NULL),
(1415, 37, 3124, 0, 1, 'Alpha', NULL, NULL),
(1416, 37, 3125, 0, 1, 'Alpha', NULL, NULL),
(1417, 37, 3126, 0, 1, 'Alpha', NULL, NULL),
(1418, 37, 3127, 0, 1, 'Alpha', NULL, NULL),
(1419, 37, 3128, 0, 1, 'Alpha', NULL, NULL),
(1420, 37, 3129, 0, 1, 'Alpha', NULL, NULL),
(1421, 37, 3130, 0, 1, 'Alpha', NULL, NULL),
(1422, 37, 3131, 0, 1, 'Alpha', NULL, NULL),
(1423, 37, 3132, 0, 1, 'Alpha', NULL, NULL),
(1424, 37, 3133, 0, 1, 'Alpha', NULL, NULL),
(1425, 37, 3134, 0, 1, 'Alpha', NULL, NULL),
(1426, 37, 3135, 0, 1, 'Alpha', NULL, NULL),
(1427, 37, 3136, 0, 1, 'Alpha', NULL, NULL),
(1428, 37, 3137, 0, 1, 'Alpha', NULL, NULL),
(1429, 37, 3138, 0, 1, 'Alpha', NULL, NULL),
(1430, 37, 3139, 0, 1, 'Alpha', NULL, NULL),
(1431, 37, 3140, 0, 1, 'Alpha', NULL, NULL),
(1432, 37, 3141, 0, 1, 'Alpha', NULL, NULL),
(1433, 37, 3142, 0, 1, 'Alpha', NULL, NULL),
(1434, 37, 3143, 0, 1, 'Alpha', NULL, NULL),
(1435, 37, 3144, 0, 1, 'Alpha', NULL, NULL),
(1436, 37, 3145, 0, 1, 'Alpha', NULL, NULL),
(1437, 37, 3146, 0, 1, 'Alpha', NULL, NULL),
(1438, 37, 3147, 0, 1, 'Alpha', NULL, NULL),
(1439, 37, 3148, 0, 1, 'Alpha', NULL, NULL),
(1440, 37, 3149, 0, 1, 'Alpha', NULL, NULL),
(1441, 37, 3150, 0, 1, 'Alpha', NULL, NULL),
(1442, 37, 3151, 0, 1, 'Alpha', NULL, NULL),
(1443, 37, 3152, 0, 1, 'Alpha', NULL, NULL),
(1444, 37, 3153, 0, 1, 'Alpha', NULL, NULL),
(1445, 37, 3154, 0, 1, 'Alpha', NULL, NULL),
(1446, 37, 3155, 0, 1, 'Alpha', NULL, NULL),
(1447, 37, 3156, 0, 1, 'Alpha', NULL, NULL),
(1448, 37, 3157, 0, 1, 'Alpha', NULL, NULL),
(1449, 37, 3158, 0, 1, 'Alpha', NULL, NULL),
(1450, 37, 3159, 0, 1, 'Alpha', NULL, NULL),
(1451, 37, 3160, 0, 1, 'Alpha', NULL, NULL),
(1452, 37, 3161, 0, 1, 'Alpha', NULL, NULL),
(1453, 37, 3162, 0, 1, 'Alpha', NULL, NULL),
(1454, 37, 3163, 0, 1, 'Alpha', NULL, NULL),
(1455, 37, 3164, 0, 1, 'Alpha', NULL, NULL),
(1456, 37, 3165, 0, 1, 'Alpha', NULL, NULL),
(1457, 37, 3166, 0, 1, 'Alpha', NULL, NULL),
(1458, 37, 3167, 0, 1, 'Alpha', NULL, NULL),
(1459, 37, 3168, 0, 1, 'Alpha', NULL, NULL),
(1460, 37, 3169, 0, 1, 'Alpha', NULL, NULL),
(1461, 37, 3170, 0, 1, 'Alpha', NULL, NULL),
(1462, 37, 3171, 0, 1, 'Alpha', NULL, NULL),
(1463, 37, 3172, 0, 1, 'Alpha', NULL, NULL),
(1464, 37, 3173, 0, 1, 'Alpha', NULL, NULL),
(1465, 37, 3174, 0, 1, 'Alpha', NULL, NULL),
(1466, 37, 3175, 0, 1, 'Alpha', NULL, NULL),
(1467, 37, 3176, 0, 1, 'Alpha', NULL, NULL),
(1468, 37, 3177, 0, 1, 'Alpha', NULL, NULL),
(1469, 37, 3178, 0, 1, 'Alpha', NULL, NULL),
(1470, 37, 3179, 0, 1, 'Alpha', NULL, NULL),
(1471, 37, 3180, 0, 1, 'Alpha', NULL, NULL),
(1472, 37, 3181, 0, 1, 'Alpha', NULL, NULL),
(1473, 37, 3182, 0, 1, 'Alpha', NULL, NULL),
(1474, 37, 3183, 0, 1, 'Alpha', NULL, NULL),
(1475, 37, 3184, 0, 1, 'Alpha', NULL, NULL),
(1476, 37, 3185, 0, 1, 'Alpha', NULL, NULL),
(1477, 37, 3186, 0, 1, 'Alpha', NULL, NULL),
(1478, 37, 3187, 0, 1, 'Alpha', NULL, NULL),
(1479, 37, 3188, 0, 1, 'Alpha', NULL, NULL),
(1480, 37, 3189, 0, 1, 'Alpha', NULL, NULL),
(1481, 37, 3190, 0, 1, 'Alpha', NULL, NULL),
(1482, 37, 3191, 0, 1, 'Alpha', NULL, NULL),
(1483, 37, 3192, 0, 1, 'Alpha', NULL, NULL),
(1484, 37, 3193, 0, 1, 'Alpha', NULL, NULL),
(1485, 37, 3194, 0, 1, 'Alpha', NULL, NULL),
(1486, 37, 3195, 0, 1, 'Alpha', NULL, NULL),
(1487, 37, 3196, 0, 1, 'Alpha', NULL, NULL),
(1488, 37, 3197, 0, 1, 'Alpha', NULL, NULL),
(1489, 37, 3198, 0, 1, 'Alpha', NULL, NULL),
(1490, 37, 3199, 0, 1, 'Alpha', NULL, NULL),
(1491, 37, 3200, 0, 1, 'Alpha', NULL, NULL),
(1492, 37, 3201, 0, 1, 'Alpha', NULL, NULL),
(1493, 37, 3202, 0, 1, 'Alpha', NULL, NULL),
(1494, 37, 3203, 0, 1, 'Alpha', NULL, NULL),
(1495, 37, 3204, 0, 1, 'Alpha', NULL, NULL),
(1496, 37, 3205, 0, 1, 'Alpha', NULL, NULL),
(1497, 37, 3206, 0, 1, 'Alpha', NULL, NULL),
(1498, 37, 3207, 0, 1, 'Alpha', NULL, NULL),
(1499, 37, 3208, 0, 1, 'Alpha', NULL, NULL),
(1500, 37, 3209, 0, 1, 'Alpha', NULL, NULL),
(1501, 37, 3210, 0, 1, 'Alpha', NULL, NULL),
(1502, 37, 3211, 0, 1, 'Alpha', NULL, NULL),
(1503, 37, 3212, 0, 1, 'Alpha', NULL, NULL),
(1504, 37, 3213, 0, 1, 'Alpha', NULL, NULL),
(1505, 37, 3214, 0, 1, 'Alpha', NULL, NULL),
(1506, 37, 3215, 0, 1, 'Alpha', NULL, NULL),
(1507, 37, 3216, 0, 1, 'Alpha', NULL, NULL),
(1508, 37, 3217, 0, 1, 'Alpha', NULL, NULL),
(1509, 37, 3218, 0, 1, 'Alpha', NULL, NULL),
(1510, 37, 3219, 0, 1, 'Alpha', NULL, NULL),
(1511, 37, 3220, 0, 1, 'Alpha', NULL, NULL),
(1512, 37, 3221, 0, 1, 'Alpha', NULL, NULL),
(1513, 37, 3222, 0, 1, 'Alpha', NULL, NULL),
(1514, 37, 3223, 0, 1, 'Alpha', NULL, NULL),
(1515, 37, 3224, 0, 1, 'Alpha', NULL, NULL),
(1516, 37, 3225, 0, 1, 'Alpha', NULL, NULL),
(1517, 37, 3226, 0, 1, 'Alpha', NULL, NULL),
(1518, 37, 3227, 0, 1, 'Alpha', NULL, NULL),
(1519, 37, 3228, 0, 1, 'Alpha', NULL, NULL),
(1520, 37, 3229, 0, 1, 'Alpha', NULL, NULL),
(1521, 37, 3230, 0, 1, 'Alpha', NULL, NULL),
(1522, 37, 3231, 0, 1, 'Alpha', NULL, NULL),
(1523, 37, 3232, 0, 1, 'Alpha', NULL, NULL),
(1524, 37, 3233, 0, 1, 'Alpha', NULL, NULL),
(1525, 37, 3234, 0, 1, 'Alpha', NULL, NULL),
(1526, 37, 3235, 0, 1, 'Alpha', NULL, NULL),
(1527, 37, 3236, 0, 1, 'Alpha', NULL, NULL),
(1528, 37, 3237, 0, 1, 'Alpha', NULL, NULL),
(1529, 37, 3238, 0, 1, 'Alpha', NULL, NULL),
(1530, 37, 3239, 0, 1, 'Alpha', NULL, NULL),
(1531, 37, 3240, 0, 1, 'Alpha', NULL, NULL),
(1532, 37, 3241, 0, 1, 'Alpha', NULL, NULL),
(1533, 37, 3242, 0, 1, 'Alpha', NULL, NULL),
(1534, 37, 3243, 0, 1, 'Alpha', NULL, NULL),
(1535, 37, 3244, 0, 1, 'Alpha', NULL, NULL),
(1536, 37, 3245, 0, 1, 'Alpha', NULL, NULL),
(1537, 37, 3246, 0, 1, 'Alpha', NULL, NULL),
(1538, 37, 3247, 0, 1, 'Alpha', NULL, NULL),
(1539, 37, 3248, 0, 1, 'Alpha', NULL, NULL),
(1540, 37, 3249, 0, 1, 'Alpha', NULL, NULL),
(1541, 37, 3250, 0, 1, 'Alpha', NULL, NULL),
(1542, 37, 3251, 0, 1, 'Alpha', NULL, NULL),
(1543, 37, 3252, 0, 1, 'Alpha', NULL, NULL),
(1544, 37, 3253, 0, 1, 'Alpha', NULL, NULL),
(1545, 37, 3254, 0, 1, 'Alpha', NULL, NULL),
(1546, 37, 3255, 0, 1, 'Alpha', NULL, NULL),
(1547, 37, 3256, 0, 1, 'Alpha', NULL, NULL),
(1548, 37, 3257, 0, 1, 'Alpha', NULL, NULL),
(1549, 37, 3258, 0, 1, 'Alpha', NULL, NULL),
(1550, 37, 3259, 0, 1, 'Alpha', NULL, NULL),
(1551, 37, 3260, 0, 1, 'Alpha', NULL, NULL),
(1599, 38, 3626, 0, 1, 'Alpha', NULL, NULL),
(1600, 38, 3627, 0, 1, 'Alpha', NULL, NULL),
(1601, 38, 3628, 0, 1, 'Alpha', NULL, NULL),
(1602, 38, 3629, 0, 1, 'Alpha', NULL, NULL),
(1603, 38, 3630, 0, 1, 'Alpha', NULL, NULL),
(1604, 38, 3631, 0, 1, 'Alpha', NULL, NULL),
(1605, 38, 3632, 1, 0, NULL, '13:22', '30-01-2018'),
(1606, 38, 3633, 0, 1, 'Alpha', NULL, NULL),
(1607, 38, 3634, 0, 1, 'Alpha', NULL, NULL),
(1608, 38, 3635, 0, 1, 'Alpha', NULL, NULL),
(1609, 38, 3636, 0, 1, 'Alpha', NULL, NULL),
(1610, 38, 3637, 0, 1, 'Alpha', NULL, NULL),
(1611, 38, 3638, 0, 1, 'Alpha', NULL, NULL),
(1612, 38, 3639, 0, 1, 'Alpha', NULL, NULL),
(1613, 38, 3640, 0, 1, 'Alpha', NULL, NULL),
(1614, 38, 3641, 0, 1, 'Alpha', NULL, NULL),
(1615, 38, 3642, 0, 1, 'Alpha', NULL, NULL),
(1616, 38, 3643, 0, 1, 'Alpha', NULL, NULL),
(1617, 38, 3644, 0, 1, 'Alpha', NULL, NULL),
(1618, 38, 3645, 0, 1, 'Alpha', NULL, NULL),
(1619, 38, 3646, 0, 1, 'Alpha', NULL, NULL),
(1620, 38, 3647, 0, 1, 'Alpha', NULL, NULL),
(1621, 38, 3648, 0, 1, 'Alpha', NULL, NULL),
(1622, 38, 3649, 0, 1, 'Alpha', NULL, NULL),
(1623, 38, 3650, 0, 1, 'Alpha', NULL, NULL),
(1624, 38, 3651, 0, 1, 'Alpha', NULL, NULL),
(1625, 38, 3652, 1, 0, NULL, '13:22', '30-01-2018'),
(1626, 38, 3653, 0, 1, 'Alpha', NULL, NULL),
(1627, 38, 3654, 0, 1, 'Alpha', NULL, NULL),
(1628, 38, 3655, 0, 1, 'Alpha', NULL, NULL),
(1629, 38, 3656, 0, 1, 'Alpha', NULL, NULL),
(1630, 38, 3657, 0, 1, 'Alpha', NULL, NULL),
(1631, 38, 3658, 0, 1, 'Alpha', NULL, NULL),
(1632, 38, 3659, 0, 1, 'Alpha', NULL, NULL),
(1633, 38, 3660, 0, 1, 'Alpha', NULL, NULL),
(1634, 38, 3661, 0, 1, 'Alpha', NULL, NULL),
(1635, 38, 3662, 0, 1, 'Alpha', NULL, NULL),
(1636, 38, 3663, 0, 1, 'Alpha', NULL, NULL),
(1637, 38, 3664, 1, 0, NULL, '14:20', '30-01-2018'),
(1638, 38, 3665, 0, 1, 'Alpha', NULL, NULL),
(1639, 38, 3666, 0, 1, 'Alpha', NULL, NULL),
(1640, 38, 3667, 0, 1, 'Alpha', NULL, NULL),
(1641, 38, 3668, 0, 1, 'Alpha', NULL, NULL),
(1642, 38, 3669, 0, 1, 'Alpha', NULL, NULL),
(1643, 38, 3670, 0, 1, 'Alpha', NULL, NULL),
(1644, 38, 3671, 0, 1, 'Alpha', NULL, NULL),
(1645, 38, 3672, 0, 1, 'Alpha', NULL, NULL),
(1646, 38, 3673, 0, 1, 'Alpha', NULL, NULL),
(1647, 38, 3674, 0, 1, 'Alpha', NULL, NULL),
(1648, 38, 3675, 0, 1, 'Alpha', NULL, NULL);
INSERT INTO `presensi` (`id_presensi`, `id_rapat`, `id_kepanitiaan`, `hadir`, `tdk_hadir`, `keterangan`, `jam_hadir`, `tgl_rapat`) VALUES
(1649, 38, 3676, 0, 1, 'Alpha', NULL, NULL),
(1650, 38, 3677, 0, 1, 'Alpha', NULL, NULL),
(1651, 38, 3678, 1, 0, NULL, '13:13', '30-01-2018'),
(1652, 38, 3679, 0, 1, 'Alpha', NULL, NULL),
(1653, 38, 3680, 0, 1, 'Alpha', NULL, NULL),
(1654, 38, 3681, 0, 1, 'Alpha', NULL, NULL),
(1655, 38, 3682, 0, 1, 'Alpha', NULL, NULL),
(1656, 38, 3683, 1, 0, NULL, '13:13', '30-01-2018'),
(1657, 38, 3684, 0, 1, 'Alpha', NULL, NULL),
(1658, 38, 3685, 0, 1, 'Alpha', NULL, NULL),
(1659, 38, 3686, 0, 1, 'Alpha', NULL, NULL),
(1660, 38, 3687, 0, 1, 'Alpha', NULL, NULL),
(1661, 38, 3688, 0, 1, 'Alpha', NULL, NULL),
(1662, 38, 3689, 0, 1, 'Alpha', NULL, NULL),
(1663, 38, 3690, 0, 1, 'Alpha', NULL, NULL),
(1664, 38, 3691, 0, 1, 'Alpha', NULL, NULL),
(1665, 38, 3692, 1, 0, NULL, '14:18', '30-01-2018'),
(1666, 38, 3693, 0, 1, 'Alpha', NULL, NULL),
(1667, 38, 3694, 0, 1, 'Alpha', NULL, NULL),
(1668, 38, 3695, 0, 1, 'Alpha', NULL, NULL),
(1669, 38, 3696, 0, 1, 'Alpha', NULL, NULL),
(1670, 38, 3697, 0, 1, 'Alpha', NULL, NULL),
(1671, 38, 3698, 0, 1, 'Alpha', NULL, NULL),
(1672, 38, 3699, 0, 1, 'Alpha', NULL, NULL),
(1673, 38, 3700, 0, 1, 'Alpha', NULL, NULL),
(1674, 38, 3701, 0, 1, 'Alpha', NULL, NULL),
(1675, 38, 3702, 0, 1, 'Alpha', NULL, NULL),
(1676, 38, 3703, 0, 1, 'Alpha', NULL, NULL),
(1677, 38, 3704, 0, 1, 'Alpha', NULL, NULL),
(1678, 38, 3705, 0, 1, 'Alpha', NULL, NULL),
(1679, 38, 3706, 1, 0, NULL, '14:20', '30-01-2018'),
(1680, 38, 3707, 0, 1, 'Alpha', NULL, NULL),
(1681, 38, 3708, 0, 1, 'Alpha', NULL, NULL),
(1682, 38, 3709, 0, 1, 'Alpha', NULL, NULL),
(1683, 38, 3710, 0, 1, 'Alpha', NULL, NULL),
(1684, 38, 3711, 0, 1, 'Alpha', NULL, NULL),
(1685, 38, 3712, 0, 1, 'Alpha', NULL, NULL),
(1686, 38, 3713, 0, 1, 'Alpha', NULL, NULL),
(1687, 38, 3714, 1, 0, NULL, '14:50', '30-01-2018'),
(1688, 38, 3715, 0, 1, 'Alpha', NULL, NULL),
(1689, 38, 3716, 0, 1, 'Alpha', NULL, NULL),
(1690, 38, 3717, 0, 1, 'Alpha', NULL, NULL),
(1691, 38, 3718, 0, 1, 'Alpha', NULL, NULL),
(1692, 38, 3719, 0, 1, 'Alpha', NULL, NULL),
(1693, 38, 3720, 0, 1, 'Alpha', NULL, NULL),
(1694, 38, 3721, 0, 1, 'Alpha', NULL, NULL),
(1695, 38, 3722, 0, 1, 'Alpha', NULL, NULL),
(1696, 38, 3723, 0, 1, 'Alpha', NULL, NULL),
(1697, 38, 3724, 0, 1, 'Alpha', NULL, NULL),
(1698, 38, 3725, 0, 1, 'Alpha', NULL, NULL),
(1699, 38, 3726, 0, 1, 'Alpha', NULL, NULL),
(1700, 38, 3727, 0, 1, 'Alpha', NULL, NULL),
(1701, 38, 3728, 0, 1, 'Alpha', NULL, NULL),
(1702, 38, 3729, 0, 1, 'Alpha', NULL, NULL),
(1703, 38, 3730, 1, 0, NULL, '14:49', '30-01-2018'),
(1704, 38, 3731, 0, 1, 'Alpha', NULL, NULL),
(1705, 38, 3732, 0, 1, 'Alpha', NULL, NULL),
(1706, 38, 3733, 0, 1, 'Alpha', NULL, NULL),
(1707, 38, 3734, 0, 1, 'Alpha', NULL, NULL),
(1708, 38, 3735, 0, 1, 'Alpha', NULL, NULL),
(1709, 38, 3736, 0, 1, 'Alpha', NULL, NULL),
(1710, 38, 3737, 0, 1, 'Alpha', NULL, NULL),
(1711, 38, 3738, 0, 1, 'Alpha', NULL, NULL),
(1712, 38, 3739, 0, 1, 'Alpha', NULL, NULL),
(1713, 38, 3740, 0, 1, 'Alpha', NULL, NULL),
(1714, 38, 3741, 0, 1, 'Alpha', NULL, NULL),
(1715, 38, 3742, 0, 1, 'Alpha', NULL, NULL),
(1716, 38, 3743, 1, 0, NULL, '13:49', '30-01-2018'),
(1717, 38, 3744, 0, 1, 'Alpha', NULL, NULL),
(1718, 38, 3745, 0, 1, 'Alpha', NULL, NULL),
(1719, 38, 3746, 0, 1, 'Alpha', NULL, NULL),
(1720, 38, 3747, 0, 1, 'Alpha', NULL, NULL),
(1721, 38, 3748, 0, 1, 'Alpha', NULL, NULL),
(1722, 38, 3749, 0, 1, 'Alpha', NULL, NULL),
(1723, 38, 3750, 0, 1, 'Alpha', NULL, NULL),
(1724, 38, 3751, 0, 1, 'Alpha', NULL, NULL),
(1725, 38, 3752, 0, 1, 'Alpha', NULL, NULL),
(1726, 38, 3753, 1, 0, NULL, '13:12', '30-01-2018'),
(1727, 38, 3754, 0, 1, 'Alpha', NULL, NULL),
(1728, 38, 3755, 0, 1, 'Alpha', NULL, NULL),
(1729, 38, 3756, 0, 1, 'Alpha', NULL, NULL),
(1730, 38, 3757, 0, 1, 'Alpha', NULL, NULL),
(1731, 38, 3758, 0, 1, 'Alpha', NULL, NULL),
(1732, 38, 3759, 1, 0, NULL, '14:59', '30-01-2018'),
(1733, 38, 3760, 0, 1, 'Alpha', NULL, NULL),
(1734, 38, 3761, 0, 1, 'Alpha', NULL, NULL),
(1735, 38, 3762, 0, 1, 'Alpha', NULL, NULL),
(1736, 38, 3763, 0, 1, 'Alpha', NULL, NULL),
(1737, 38, 3764, 0, 1, 'Alpha', NULL, NULL),
(1738, 38, 3765, 1, 0, NULL, '13:30', '30-01-2018'),
(1739, 38, 3766, 0, 1, 'Alpha', NULL, NULL),
(1740, 38, 3767, 0, 1, 'Alpha', NULL, NULL),
(1741, 38, 3768, 0, 1, 'Alpha', NULL, NULL),
(1742, 38, 3769, 0, 1, 'Alpha', NULL, NULL),
(1743, 38, 3770, 0, 1, 'Alpha', NULL, NULL),
(1854, 40, 4136, 0, 1, 'Alpha', NULL, NULL),
(1855, 40, 4137, 0, 1, 'Alpha', NULL, NULL),
(1856, 40, 4138, 0, 1, 'Alpha', NULL, NULL),
(1857, 40, 4139, 1, 0, NULL, '13:42', '30-01-2018'),
(1858, 40, 4140, 1, 0, NULL, '13:42', '30-01-2018'),
(1859, 40, 4141, 0, 1, 'Alpha', NULL, NULL),
(1860, 40, 4142, 0, 1, 'Alpha', NULL, NULL),
(1861, 40, 4143, 0, 1, 'Alpha', NULL, NULL),
(1862, 40, 4144, 0, 1, 'Alpha', NULL, NULL),
(1863, 40, 4145, 0, 1, 'Alpha', NULL, NULL),
(1864, 40, 4146, 0, 1, 'Alpha', NULL, NULL),
(1865, 40, 4147, 0, 1, 'Alpha', NULL, NULL),
(1866, 40, 4148, 0, 1, 'Alpha', NULL, NULL),
(1867, 40, 4149, 0, 1, 'Alpha', NULL, NULL),
(1868, 40, 4150, 0, 1, 'Alpha', NULL, NULL),
(1869, 40, 4151, 0, 1, 'Alpha', NULL, NULL),
(1870, 40, 4152, 0, 1, 'Alpha', NULL, NULL),
(1871, 40, 4153, 0, 1, 'Alpha', NULL, NULL),
(1872, 40, 4154, 0, 1, 'Alpha', NULL, NULL),
(1873, 40, 4155, 0, 1, 'Alpha', NULL, NULL),
(1874, 40, 4156, 0, 1, 'Alpha', NULL, NULL),
(1875, 40, 4157, 0, 1, 'Alpha', NULL, NULL),
(1876, 40, 4158, 0, 1, 'Alpha', NULL, NULL),
(1877, 40, 4159, 0, 1, 'Alpha', NULL, NULL),
(1878, 40, 4160, 0, 1, 'Alpha', NULL, NULL),
(1879, 40, 4161, 0, 1, 'Alpha', NULL, NULL),
(1880, 40, 4162, 0, 1, 'Alpha', NULL, NULL),
(1881, 40, 4163, 0, 1, 'Alpha', NULL, NULL),
(1882, 40, 4164, 0, 1, 'Alpha', NULL, NULL),
(1883, 40, 4165, 0, 1, 'Alpha', NULL, NULL),
(1884, 40, 4166, 1, 0, NULL, '13:43', '30-01-2018'),
(1885, 40, 4167, 0, 1, 'Alpha', NULL, NULL),
(1886, 40, 4168, 0, 1, 'Alpha', NULL, NULL),
(1887, 40, 4169, 0, 1, 'Alpha', NULL, NULL),
(1888, 40, 4170, 0, 1, 'Alpha', NULL, NULL),
(1889, 40, 4171, 0, 1, 'Alpha', NULL, NULL),
(1890, 40, 4172, 0, 1, 'Alpha', NULL, NULL),
(1891, 40, 4173, 0, 1, 'Alpha', NULL, NULL),
(1892, 40, 4174, 0, 1, 'Alpha', NULL, NULL),
(1893, 40, 4175, 0, 1, 'Alpha', NULL, NULL),
(1894, 40, 4176, 0, 1, 'Alpha', NULL, NULL),
(1895, 40, 4177, 0, 1, 'Alpha', NULL, NULL),
(1896, 40, 4178, 0, 1, 'Alpha', NULL, NULL),
(1897, 40, 4179, 0, 1, 'Alpha', NULL, NULL),
(1898, 40, 4180, 0, 1, 'Alpha', NULL, NULL),
(1899, 40, 4181, 0, 1, 'Alpha', NULL, NULL),
(1900, 40, 4182, 0, 1, 'Alpha', NULL, NULL),
(1901, 40, 4183, 0, 1, 'Alpha', NULL, NULL),
(1902, 40, 4184, 0, 1, 'Alpha', NULL, NULL),
(1903, 40, 4185, 0, 1, 'Alpha', NULL, NULL),
(1904, 40, 4186, 0, 1, 'Alpha', NULL, NULL),
(1905, 40, 4187, 0, 1, 'Alpha', NULL, NULL),
(1906, 40, 4188, 0, 1, 'Alpha', NULL, NULL),
(1907, 40, 4189, 0, 1, 'Alpha', NULL, NULL),
(1908, 40, 4190, 1, 0, NULL, '13:43', '30-01-2018'),
(1909, 40, 4191, 0, 1, 'Alpha', NULL, NULL),
(1910, 40, 4192, 0, 1, 'Alpha', NULL, NULL),
(1911, 40, 4193, 0, 1, 'Alpha', NULL, NULL),
(1912, 40, 4194, 0, 1, 'Alpha', NULL, NULL),
(1913, 40, 4195, 0, 1, 'Alpha', NULL, NULL),
(1914, 40, 4196, 0, 1, 'Alpha', NULL, NULL),
(1915, 40, 4197, 0, 1, 'Alpha', NULL, NULL),
(1916, 40, 4198, 0, 1, 'Alpha', NULL, NULL),
(1917, 40, 4199, 0, 1, 'Alpha', NULL, NULL),
(1918, 40, 4200, 0, 1, 'Alpha', NULL, NULL),
(1919, 40, 4201, 0, 1, 'Alpha', NULL, NULL),
(1920, 40, 4202, 0, 1, 'Alpha', NULL, NULL),
(1921, 40, 4203, 0, 1, 'Alpha', NULL, NULL),
(1922, 40, 4204, 1, 0, NULL, '13:44', '30-01-2018'),
(1923, 40, 4205, 0, 1, 'Alpha', NULL, NULL),
(1924, 40, 4206, 0, 1, 'Alpha', NULL, NULL),
(1925, 40, 4207, 0, 1, 'Alpha', NULL, NULL),
(1926, 40, 4208, 0, 1, 'Alpha', NULL, NULL),
(1927, 40, 4209, 0, 1, 'Alpha', NULL, NULL),
(1928, 40, 4210, 0, 1, 'Alpha', NULL, NULL),
(1929, 40, 4211, 0, 1, 'Alpha', NULL, NULL),
(1930, 40, 4212, 0, 1, 'Alpha', NULL, NULL),
(1931, 40, 4213, 0, 1, 'Alpha', NULL, NULL),
(1932, 40, 4214, 0, 1, 'Alpha', NULL, NULL),
(1933, 40, 4215, 0, 1, 'Alpha', NULL, NULL),
(1934, 40, 4216, 0, 1, 'Alpha', NULL, NULL),
(1935, 40, 4217, 0, 1, 'Alpha', NULL, NULL),
(1936, 40, 4218, 0, 1, 'Alpha', NULL, NULL),
(1937, 40, 4219, 0, 1, 'Alpha', NULL, NULL),
(1938, 40, 4220, 0, 1, 'Alpha', NULL, NULL),
(1939, 40, 4221, 0, 1, 'Alpha', NULL, NULL),
(1940, 40, 4222, 1, 0, NULL, '13:44', '30-01-2018'),
(1941, 40, 4223, 0, 1, 'Alpha', NULL, NULL),
(1942, 40, 4224, 0, 1, 'Alpha', NULL, NULL),
(1943, 40, 4225, 0, 1, 'Alpha', NULL, NULL),
(1944, 40, 4226, 0, 1, 'Alpha', NULL, NULL),
(1945, 40, 4227, 0, 1, 'Alpha', NULL, NULL),
(1946, 40, 4228, 0, 1, 'Alpha', NULL, NULL),
(1947, 40, 4229, 0, 1, 'Alpha', NULL, NULL),
(1948, 40, 4230, 0, 1, 'Alpha', NULL, NULL),
(1949, 40, 4231, 0, 1, 'Alpha', NULL, NULL),
(1950, 40, 4232, 0, 1, 'Alpha', NULL, NULL),
(1951, 40, 4233, 0, 1, 'Alpha', NULL, NULL),
(1952, 40, 4234, 0, 1, 'Alpha', NULL, NULL),
(1953, 40, 4235, 1, 0, NULL, '13:44', '30-01-2018'),
(1954, 40, 4236, 0, 1, 'Alpha', NULL, NULL),
(1955, 40, 4237, 1, 0, NULL, '13:44', '30-01-2018'),
(1956, 40, 4238, 0, 1, 'Alpha', NULL, NULL),
(1957, 40, 4239, 0, 1, 'Alpha', NULL, NULL),
(1958, 40, 4240, 0, 1, 'Alpha', NULL, NULL),
(1959, 40, 4241, 0, 1, 'Alpha', NULL, NULL),
(1960, 40, 4242, 0, 1, 'Alpha', NULL, NULL),
(1961, 40, 4243, 0, 1, 'Alpha', NULL, NULL),
(1962, 40, 4244, 0, 1, 'Alpha', NULL, NULL),
(1963, 40, 4245, 0, 1, 'Alpha', NULL, NULL),
(1964, 40, 4246, 0, 1, 'Alpha', NULL, NULL),
(1965, 40, 4247, 0, 1, 'Alpha', NULL, NULL),
(1966, 40, 4248, 0, 1, 'Alpha', NULL, NULL),
(1967, 40, 4249, 0, 1, 'Alpha', NULL, NULL),
(1968, 40, 4250, 0, 1, 'Alpha', NULL, NULL),
(1969, 40, 4251, 0, 1, 'Alpha', NULL, NULL),
(1970, 40, 4252, 0, 1, 'Alpha', NULL, NULL),
(1971, 40, 4253, 0, 1, 'Alpha', NULL, NULL),
(1972, 40, 4254, 0, 1, 'Alpha', NULL, NULL),
(1973, 40, 4255, 0, 1, 'Alpha', NULL, NULL),
(1974, 40, 4256, 0, 1, 'Alpha', NULL, NULL),
(1975, 40, 4257, 0, 1, 'Alpha', NULL, NULL),
(1976, 40, 4258, 0, 1, 'Alpha', NULL, NULL),
(1977, 40, 4259, 1, 0, NULL, '13:45', '30-01-2018'),
(1978, 40, 4260, 1, 0, NULL, '13:45', '30-01-2018'),
(1979, 40, 4261, 1, 0, NULL, '13:45', '30-01-2018'),
(1980, 40, 4262, 0, 1, 'Alpha', NULL, NULL),
(1981, 40, 4263, 0, 1, 'Alpha', NULL, NULL),
(1982, 40, 4264, 0, 1, 'Alpha', NULL, NULL),
(1983, 40, 4265, 1, 0, NULL, '13:46', '30-01-2018'),
(1984, 40, 4266, 0, 1, 'Alpha', NULL, NULL),
(1985, 40, 4267, 0, 1, 'Alpha', NULL, NULL),
(1986, 40, 4268, 0, 1, 'Alpha', NULL, NULL),
(1987, 40, 4269, 0, 1, 'Alpha', NULL, NULL),
(1988, 40, 4270, 0, 1, 'Alpha', NULL, NULL),
(1989, 40, 4271, 0, 1, 'Alpha', NULL, NULL),
(1990, 40, 4272, 0, 1, 'Alpha', NULL, NULL),
(1991, 40, 4273, 0, 1, 'Alpha', NULL, NULL),
(1992, 40, 4274, 0, 1, 'Alpha', NULL, NULL),
(1993, 40, 4275, 0, 1, 'Alpha', NULL, NULL),
(1994, 40, 4276, 0, 1, 'Alpha', NULL, NULL),
(1995, 40, 4277, 0, 1, 'Alpha', NULL, NULL),
(1996, 40, 4278, 0, 1, 'Alpha', NULL, NULL),
(1997, 40, 4279, 0, 1, 'Alpha', NULL, NULL),
(1998, 40, 4280, 0, 1, 'Alpha', NULL, NULL),
(2109, 40, 7362, 1, 0, 'Alpha', '13.55', NULL),
(2110, 40, 7363, 1, 0, 'Alpha', '13.54', '30-01-2018');

-- --------------------------------------------------------

--
-- Table structure for table `rapat`
--

CREATE TABLE `rapat` (
  `id_rapat` int(5) NOT NULL,
  `rapat_ke` varchar(100) DEFAULT NULL,
  `bahasan` varchar(250) NOT NULL,
  `tgl` varchar(25) NOT NULL,
  `timestamp_selesai` varchar(10) DEFAULT NULL COMMENT 'pukul berapa absen ini expired..?',
  `id_kegiatan` int(5) NOT NULL
) ENGINE=InnoDB DEFAULT CHARSET=latin1;

--
-- Dumping data for table `rapat`
--

INSERT INTO `rapat` (`id_rapat`, `rapat_ke`, `bahasan`, `tgl`, `timestamp_selesai`, `id_kegiatan`) VALUES
(26, '1', 'Koordinasi seluruh stakeholders BEM FIKTI UG terutama kabinet bermanfaat.', '05-12-2017', '16:30:59', 21),
(34, '1', 'Januari Depok', '22-01-2018', '18:19:39', 30),
(35, '1', 'Rapat evaluasi bulanan', '09-01-2018', '21:00:00', 37),
(36, '2', 'Rapbul Januari Depok', '22-01-2018', '19:00:00', 30),
(37, '1', 'Pembahasan perkembangan tiap divisi', '27-01-2018', '22:00:00', 14),
(38, '1', 'Progress tiap divisi', '30-01-2018', '16:00:00', 17),
(40, '1', 'Rapat Evaluasi bulanan', '30-01-2018', '14:29:34', 31);

--
-- Indexes for dumped tables
--

--
-- Indexes for table `absen`
--
ALTER TABLE `absen`
  ADD PRIMARY KEY (`id_absen`),
  ADD KEY `id_kegiatan` (`id_kegiatan`),
  ADD KEY `npm` (`npm`);

--
-- Indexes for table `anggota`
--
ALTER TABLE `anggota`
  ADD PRIMARY KEY (`npm`),
  ADD KEY `npm` (`npm`);

--
-- Indexes for table `kegiatan`
--
ALTER TABLE `kegiatan`
  ADD PRIMARY KEY (`id_kegiatan`),
  ADD KEY `id_kegiatan` (`id_kegiatan`);

--
-- Indexes for table `kepanitiaan`
--
ALTER TABLE `kepanitiaan`
  ADD PRIMARY KEY (`id_kepanitiaan`),
  ADD KEY `id_kepanitiaan` (`id_kepanitiaan`),
  ADD KEY `npm` (`npm`),
  ADD KEY `id_kegiatan` (`id_kegiatan`);

--
-- Indexes for table `koordinator`
--
ALTER TABLE `koordinator`
  ADD PRIMARY KEY (`id_koor`),
  ADD KEY `npm` (`npm`);

--
-- Indexes for table `presensi`
--
ALTER TABLE `presensi`
  ADD PRIMARY KEY (`id_presensi`),
  ADD KEY `id_rapat` (`id_rapat`),
  ADD KEY `id_kepanitiaan` (`id_kepanitiaan`);

--
-- Indexes for table `rapat`
--
ALTER TABLE `rapat`
  ADD PRIMARY KEY (`id_rapat`),
  ADD KEY `id_rapat` (`id_rapat`),
  ADD KEY `id_kegiatan` (`id_kegiatan`);

--
-- AUTO_INCREMENT for dumped tables
--

--
-- AUTO_INCREMENT for table `absen`
--
ALTER TABLE `absen`
  MODIFY `id_absen` int(5) NOT NULL AUTO_INCREMENT;
--
-- AUTO_INCREMENT for table `kegiatan`
--
ALTER TABLE `kegiatan`
  MODIFY `id_kegiatan` int(5) NOT NULL AUTO_INCREMENT, AUTO_INCREMENT=41;
--
-- AUTO_INCREMENT for table `kepanitiaan`
--
ALTER TABLE `kepanitiaan`
  MODIFY `id_kepanitiaan` int(5) NOT NULL AUTO_INCREMENT, AUTO_INCREMENT=8033;
--
-- AUTO_INCREMENT for table `koordinator`
--
ALTER TABLE `koordinator`
  MODIFY `id_koor` int(11) NOT NULL AUTO_INCREMENT, AUTO_INCREMENT=21;
--
-- AUTO_INCREMENT for table `presensi`
--
ALTER TABLE `presensi`
  MODIFY `id_presensi` int(5) NOT NULL AUTO_INCREMENT, AUTO_INCREMENT=2111;
--
-- AUTO_INCREMENT for table `rapat`
--
ALTER TABLE `rapat`
  MODIFY `id_rapat` int(5) NOT NULL AUTO_INCREMENT, AUTO_INCREMENT=41;
--
-- Constraints for dumped tables
--

--
-- Constraints for table `absen`
--
ALTER TABLE `absen`
  ADD CONSTRAINT `absen_ibfk_1` FOREIGN KEY (`id_kegiatan`) REFERENCES `kegiatan` (`id_kegiatan`),
  ADD CONSTRAINT `absen_ibfk_2` FOREIGN KEY (`npm`) REFERENCES `anggota` (`npm`);

--
-- Constraints for table `kepanitiaan`
--
ALTER TABLE `kepanitiaan`
  ADD CONSTRAINT `kepanitiaan_ibfk_1` FOREIGN KEY (`npm`) REFERENCES `anggota` (`npm`),
  ADD CONSTRAINT `kepanitiaan_ibfk_2` FOREIGN KEY (`id_kegiatan`) REFERENCES `kegiatan` (`id_kegiatan`);

--
-- Constraints for table `presensi`
--
ALTER TABLE `presensi`
  ADD CONSTRAINT `presensi_ibfk_1` FOREIGN KEY (`id_rapat`) REFERENCES `rapat` (`id_rapat`),
  ADD CONSTRAINT `presensi_ibfk_2` FOREIGN KEY (`id_kepanitiaan`) REFERENCES `kepanitiaan` (`id_kepanitiaan`);

--
-- Constraints for table `rapat`
--
ALTER TABLE `rapat`
  ADD CONSTRAINT `rapat_ibfk_1` FOREIGN KEY (`id_kegiatan`) REFERENCES `kegiatan` (`id_kegiatan`);

/*!40101 SET CHARACTER_SET_CLIENT=@OLD_CHARACTER_SET_CLIENT */;
/*!40101 SET CHARACTER_SET_RESULTS=@OLD_CHARACTER_SET_RESULTS */;
/*!40101 SET COLLATION_CONNECTION=@OLD_COLLATION_CONNECTION */;
